Left Joystick X,Left Joystick Y,Left Trigger,Left Bumper,Right Joystick X,Right Joystick Y,Right Trigger,Right Bumper,A Button,B Button,X Button,Y Button,Back Button,Start Button
0.067474365234375,-0.030731201171875,0.0,0.0,0.02337646484375,0.069671630859375,0.0,0.0,0.0,0.0,0.0,0.0,0.0,0.0
0.067474365234375,-0.030731201171875,0.0,0.0,0.02337646484375,0.069671630859375,0.0,0.0,0.0,0.0,0.0,0.0,0.0,0.0
0.067474365234375,-0.030731201171875,0.0,0.0,0.02337646484375,0.069671630859375,0.0,0.0,0.0,0.0,0.0,0.0,0.0,0.0
0.067474365234375,-0.030731201171875,0.0,0.0,0.02337646484375,0.069671630859375,0.0,0.0,0.0,0.0,0.0,0.0,0.0,0.0
0.067474365234375,-0.030731201171875,0.0,0.0,0.02337646484375,0.069671630859375,0.0,0.0,0.0,0.0,0.0,0.0,0.0,0.0
0.067474365234375,-0.030731201171875,0.0,0.0,0.02337646484375,0.069671630859375,0.0,0.0,0.0,0.0,0.0,0.0,0.0,0.0
0.067474365234375,-0.030731201171875,0.0,0.0,0.02337646484375,0.069671630859375,0.0,0.0,0.0,0.0,0.0,0.0,0.0,0.0
0.067474365234375,-0.030731201171875,0.0,0.0,0.02337646484375,0.069671630859375,0.0,0.0,0.0,0.0,0.0,0.0,0.0,0.0
0.067474365234375,-0.030731201171875,0.0,0.0,0.02337646484375,0.069671630859375,0.0,0.0,0.0,0.0,0.0,0.0,0.0,0.0
0.067474365234375,-0.030731201171875,0.0,0.0,0.02337646484375,0.069671630859375,0.0,0.0,0.0,0.0,0.0,0.0,0.0,0.0
0.067474365234375,-0.030731201171875,0.0,0.0,0.02337646484375,0.069671630859375,0.0,0.0,0.0,0.0,0.0,0.0,0.0,0.0
0.067474365234375,-0.030731201171875,0.0,0.0,0.02337646484375,0.069671630859375,0.0,0.0,0.0,0.0,0.0,0.0,0.0,0.0
0.067474365234375,-0.030731201171875,0.0,0.0,0.02337646484375,0.069671630859375,0.0,0.0,0.0,0.0,0.0,0.0,0.0,0.0
0.067474365234375,-0.030731201171875,0.0,0.0,0.02337646484375,0.069671630859375,0.0,0.0,0.0,0.0,0.0,0.0,0.0,0.0
0.067474365234375,-0.030731201171875,0.0,0.0,0.02337646484375,0.069671630859375,0.0,0.0,0.0,0.0,0.0,0.0,0.0,0.0
0.067474365234375,-0.030731201171875,0.0,0.0,0.02337646484375,0.069671630859375,0.0,0.0,0.0,0.0,0.0,0.0,0.0,0.0
0.067474365234375,-0.030731201171875,0.0,0.0,0.02337646484375,0.069671630859375,0.0,0.0,0.0,0.0,0.0,0.0,0.0,0.0
0.067474365234375,-0.030731201171875,0.0,0.0,0.02337646484375,0.069671630859375,0.0,0.0,0.0,0.0,0.0,0.0,0.0,0.0
0.067474365234375,-0.030731201171875,0.0,0.0,0.02337646484375,0.069671630859375,0.0,0.0,0.0,0.0,0.0,0.0,0.0,0.0
0.067474365234375,-0.030731201171875,0.0,0.0,0.02337646484375,0.069671630859375,0.0,0.0,0.0,0.0,0.0,0.0,0.0,0.0
0.067474365234375,-0.030731201171875,0.0,0.0,0.02337646484375,0.069671630859375,0.0,0.0,0.0,0.0,0.0,0.0,0.0,0.0
0.067474365234375,-0.030731201171875,0.0,0.0,0.02337646484375,0.069671630859375,0.0,0.0,0.0,0.0,0.0,0.0,0.0,0.0
0.067474365234375,-0.030731201171875,0.0,0.0,0.02337646484375,0.069671630859375,0.0,0.0,0.0,0.0,0.0,0.0,0.0,0.0
0.067474365234375,-0.030731201171875,0.0,0.0,0.02337646484375,0.087188720703125,0.0,0.0,0.0,0.0,0.0,0.0,0.0,0.0
0.067474365234375,-0.030731201171875,0.0,0.0,0.02337646484375,0.0953369140625,0.0,0.0,0.0,0.0,0.0,0.0,0.0,0.0
0.067474365234375,0.002471923828125,0.0,0.0,0.02337646484375,0.0953369140625,0.0,0.0,0.0,0.0,0.0,0.0,0.0,0.0
0.067474365234375,0.043243408203125,0.0,0.0,0.02337646484375,0.0953369140625,0.0,0.0,0.0,0.0,0.0,0.0,0.0,0.0
0.067474365234375,0.048126220703125,0.0,0.0,0.02337646484375,0.0953369140625,0.0,0.0,0.0,0.0,0.0,0.0,0.0,0.0
0.067474365234375,0.048126220703125,0.0,0.0,0.02337646484375,0.0953369140625,0.0,0.0,0.0,0.0,0.0,0.0,0.0,0.0
0.067474365234375,0.045379638671875,0.0,0.0,0.02337646484375,0.0953369140625,0.0,0.0,0.0,0.0,0.0,0.0,0.0,1.0
0.04254150390625,-0.037811279296875,0.0,0.0,0.005767822265625,0.068572998046875,0.0,0.0,0.0,0.0,0.0,0.0,0.0,0.0
0.04254150390625,-0.037811279296875,0.0,0.0,0.005767822265625,0.068572998046875,0.0,0.0,0.0,0.0,0.0,0.0,0.0,0.0
0.04254150390625,-0.037811279296875,0.0,0.0,0.005767822265625,0.068572998046875,0.0,0.0,0.0,0.0,0.0,0.0,0.0,0.0
0.04254150390625,-0.037811279296875,0.0,0.0,0.005767822265625,0.068572998046875,0.0,0.0,0.0,0.0,0.0,0.0,0.0,0.0
0.04254150390625,-0.037811279296875,0.0,0.0,0.005767822265625,0.068572998046875,0.0,0.0,0.0,0.0,0.0,0.0,0.0,0.0
0.04254150390625,-0.043670654296875,0.0,0.0,0.005767822265625,0.0594482421875,0.0,0.0,0.0,0.0,0.0,0.0,0.0,0.0
0.0345458984375,-0.043670654296875,0.0,0.0,0.005767822265625,0.049530029296875,0.0,0.0,0.0,0.0,0.0,0.0,0.0,0.0
0.0296630859375,-0.043670654296875,0.0,0.0,0.005767822265625,0.049530029296875,0.0,0.0,0.0,0.0,0.0,0.0,0.0,0.0
0.027618408203125,-0.043670654296875,0.0,0.0,0.005767822265625,0.049530029296875,0.0,0.0,0.0,0.0,0.0,0.0,0.0,0.0
0.027618408203125,-0.043670654296875,0.0,0.0,0.005767822265625,0.049530029296875,0.0,0.0,0.0,0.0,0.0,0.0,0.0,0.0
0.027618408203125,-0.046875,0.0,0.0,0.005767822265625,0.049530029296875,0.0,0.0,0.0,0.0,0.0,0.0,0.0,0.0
0.027618408203125,-0.04962158203125,0.0,0.0,0.005767822265625,0.049530029296875,0.0,0.0,0.0,0.0,0.0,0.0,0.0,0.0
0.027618408203125,-0.04962158203125,0.0,0.0,0.005767822265625,0.049530029296875,0.0,0.0,0.0,0.0,0.0,0.0,0.0,0.0
0.027618408203125,-0.045562744140625,0.0,0.0,0.005767822265625,0.049530029296875,0.0,0.0,0.0,0.0,0.0,0.0,0.0,0.0
0.025634765625,-0.0487060546875,0.0,0.0,0.005767822265625,0.049530029296875,0.0,0.0,0.0,0.0,0.0,0.0,0.0,0.0
0.01373291015625,-0.0487060546875,0.0,0.0,0.005767822265625,0.049530029296875,0.0,0.0,0.0,0.0,0.0,0.0,0.0,0.0
-0.001220703125,-0.0487060546875,0.0,0.0,0.005767822265625,0.049530029296875,0.0,0.0,0.0,0.0,0.0,0.0,0.0,0.0
-0.0103759765625,-0.0487060546875,0.0,0.0,0.005767822265625,0.049530029296875,0.0,0.0,0.0,0.0,0.0,0.0,0.0,0.0
-0.034423828125,-0.0487060546875,0.0,0.0,0.005767822265625,0.049530029296875,0.0,0.0,0.0,0.0,0.0,0.0,0.0,0.0
-0.04229736328125,-0.0487060546875,0.0,0.0,0.005767822265625,0.049530029296875,0.0,0.0,0.0,0.0,0.0,0.0,0.0,0.0
-0.044342041015625,-0.0487060546875,0.0,0.0,0.005767822265625,0.049530029296875,0.0,0.0,0.0,0.0,0.0,0.0,0.0,0.0
-0.122314453125,-0.0487060546875,0.0,0.0,0.005767822265625,0.049530029296875,0.0,0.0,0.0,0.0,0.0,0.0,0.0,0.0
-0.185638427734375,-0.055938720703125,0.0,0.0,0.005767822265625,0.049530029296875,0.0,0.0,0.0,0.0,0.0,0.0,0.0,0.0
-0.198150634765625,-0.06158447265625,0.0,0.0,0.005767822265625,0.04229736328125,0.0,0.0,0.0,0.0,0.0,0.0,0.0,0.0
-0.226226806640625,-0.075592041015625,0.0,0.0,0.005767822265625,0.032623291015625,0.0,0.0,0.0,0.0,0.0,0.0,0.0,0.0
-0.294891357421875,-0.10552978515625,0.0,0.0,0.005767822265625,0.0106201171875,0.0,0.0,0.0,0.0,0.0,0.0,0.0,0.0
-0.314849853515625,-0.138092041015625,0.0,0.0,0.005767822265625,0.013397216796875,0.0,0.0,0.0,0.0,0.0,0.0,0.0,0.0
-0.21624755859375,-0.198974609375,0.0,0.0,0.005767822265625,0.0247802734375,0.0,0.0,0.0,0.0,0.0,0.0,0.0,0.0
-0.204345703125,-0.259185791015625,0.0,0.0,0.005767822265625,0.0247802734375,0.0,0.0,0.0,0.0,0.0,0.0,0.0,0.0
-0.193511962890625,-0.30755615234375,0.0,0.0,0.005767822265625,0.0247802734375,0.0,0.0,0.0,0.0,0.0,0.0,0.0,0.0
-0.12298583984375,-0.368377685546875,0.0,0.0,0.005767822265625,0.0247802734375,0.0,0.0,0.0,0.0,0.0,0.0,0.0,0.0
-0.0986328125,-0.378387451171875,0.0,0.0,0.005767822265625,0.031402587890625,0.0,0.0,0.0,0.0,0.0,0.0,0.0,0.0
-0.04962158203125,-0.371490478515625,0.0,0.0,0.005767822265625,0.040130615234375,0.0,0.0,0.0,0.0,0.0,0.0,0.0,0.0
-0.024200439453125,-0.359588623046875,0.0,0.0,0.005767822265625,0.04254150390625,0.0,0.0,0.0,0.0,0.0,0.0,0.0,0.0
-0.032196044921875,-0.359588623046875,0.0,0.0,0.005767822265625,0.044708251953125,0.0,0.0,0.0,0.0,0.0,0.0,0.0,0.0
0.011199951171875,-0.324951171875,0.0,0.0,0.005767822265625,0.04669189453125,0.0,0.0,0.0,0.0,0.0,0.0,0.0,0.0
0.0220947265625,-0.303924560546875,0.0,0.0,0.005767822265625,0.0487060546875,0.0,0.0,0.0,0.0,0.0,0.0,0.0,0.0
0.017059326171875,-0.31134033203125,0.0,0.0,0.005767822265625,0.0487060546875,0.0,0.0,0.0,0.0,0.0,0.0,0.0,0.0
0.014892578125,-0.31427001953125,0.0,0.0,0.005767822265625,0.0487060546875,0.0,0.0,0.0,0.0,0.0,0.0,0.0,0.0
0.0057373046875,-0.3203125,0.0,0.0,0.005767822265625,0.0487060546875,0.0,0.0,0.0,0.0,0.0,0.0,0.0,0.0
-0.017333984375,-0.316162109375,0.0,0.0,0.005767822265625,0.0487060546875,0.0,0.0,0.0,0.0,0.0,0.0,0.0,0.0
-0.0252685546875,-0.30535888671875,0.0,0.0,0.005767822265625,0.061798095703125,0.0,0.0,0.0,0.0,0.0,0.0,0.0,0.0
-0.027374267578125,-0.30535888671875,0.0,0.0,0.008941650390625,0.07586669921875,0.0,0.0,0.0,0.0,0.0,0.0,0.0,0.0
-0.027374267578125,-0.303466796875,0.0,0.0,0.01239013671875,0.08270263671875,0.0,0.0,0.0,0.0,0.0,0.0,0.0,0.0
-0.02935791015625,-0.2938232421875,0.0,0.0,0.01239013671875,0.08770751953125,0.0,0.0,0.0,0.0,0.0,0.0,0.0,0.0
-0.02935791015625,-0.272216796875,0.0,0.0,0.01239013671875,0.08770751953125,0.0,0.0,0.0,0.0,0.0,0.0,0.0,0.0
-0.0257568359375,-0.267791748046875,0.0,0.0,0.015472412109375,0.08984375,0.0,0.0,0.0,0.0,0.0,0.0,0.0,0.0
-0.015167236328125,-0.267791748046875,0.0,0.0,0.0184326171875,0.08984375,0.0,0.0,0.0,0.0,0.0,0.0,0.0,0.0
-0.004364013671875,-0.267791748046875,0.0,0.0,0.021484375,0.08984375,0.0,0.0,0.0,0.0,0.0,0.0,0.0,0.0
-0.001220703125,-0.267791748046875,0.0,0.0,0.021484375,0.08984375,0.0,0.0,0.0,0.0,0.0,0.0,0.0,0.0
0.011077880859375,-0.27056884765625,0.0,0.0,0.021484375,0.086395263671875,0.0,0.0,0.0,0.0,0.0,0.0,0.0,0.0
0.028411865234375,-0.27056884765625,0.0,0.0,0.019439697265625,0.08343505859375,0.0,0.0,0.0,0.0,0.0,0.0,0.0,0.0
0.031280517578125,-0.27349853515625,0.0,0.0,0.019439697265625,0.08343505859375,0.0,0.0,0.0,0.0,0.0,0.0,0.0,0.0
0.031280517578125,-0.27349853515625,0.0,0.0,0.019439697265625,0.08343505859375,0.0,0.0,0.0,0.0,0.0,0.0,0.0,0.0
0.0377197265625,-0.2713623046875,0.0,0.0,0.019439697265625,0.08343505859375,0.0,0.0,0.0,0.0,0.0,0.0,0.0,0.0
0.073150634765625,-0.21783447265625,0.0,0.0,0.019439697265625,0.08343505859375,0.0,0.0,0.0,0.0,0.0,0.0,0.0,0.0
0.083953857421875,-0.208740234375,0.0,0.0,0.019439697265625,0.08343505859375,0.0,0.0,0.0,0.0,0.0,0.0,0.0,0.0
0.08197021484375,-0.255279541015625,0.0,0.0,0.019439697265625,0.08343505859375,0.0,0.0,0.0,0.0,0.0,0.0,0.0,0.0
0.08197021484375,-0.265838623046875,0.0,0.0,0.019439697265625,0.08343505859375,0.0,0.0,0.0,0.0,0.0,0.0,0.0,0.0
0.08197021484375,-0.265838623046875,0.0,0.0,0.019439697265625,0.08343505859375,0.0,0.0,0.0,0.0,0.0,0.0,0.0,0.0
0.08197021484375,-0.265838623046875,0.0,0.0,0.019439697265625,0.08343505859375,0.0,0.0,0.0,0.0,0.0,0.0,0.0,0.0
0.08197021484375,-0.265838623046875,0.0,0.0,0.019439697265625,0.08343505859375,0.0,0.0,0.0,0.0,0.0,0.0,0.0,0.0
0.08197021484375,-0.265838623046875,0.0,0.0,0.019439697265625,0.08343505859375,0.0,0.0,0.0,0.0,0.0,0.0,0.0,0.0
0.120941162109375,-0.23321533203125,0.0,0.0,0.019439697265625,0.08343505859375,0.0,0.0,0.0,0.0,0.0,0.0,0.0,0.0
0.13165283203125,-0.21112060546875,0.0,0.0,0.019439697265625,0.08343505859375,0.0,0.0,0.0,0.0,0.0,0.0,0.0,0.0
0.13165283203125,-0.201690673828125,0.0,0.0,0.019439697265625,0.08343505859375,0.0,0.0,0.0,0.0,0.0,0.0,0.0,0.0
0.129364013671875,-0.199615478515625,0.0,0.0,0.019439697265625,0.08343505859375,0.0,0.0,0.0,0.0,0.0,0.0,0.0,0.0
0.12701416015625,-0.199615478515625,0.0,0.0,0.019439697265625,0.08343505859375,0.0,0.0,0.0,0.0,0.0,0.0,0.0,0.0
0.119903564453125,-0.224029541015625,0.0,0.0,0.019439697265625,0.08343505859375,0.0,0.0,0.0,0.0,0.0,0.0,0.0,0.0
0.12652587890625,-0.2247314453125,0.0,0.0,0.019439697265625,0.08343505859375,0.0,0.0,0.0,0.0,0.0,0.0,0.0,0.0
0.16644287109375,-0.199432373046875,0.0,0.0,0.019439697265625,0.08343505859375,0.0,0.0,0.0,0.0,0.0,0.0,0.0,0.0
0.19195556640625,-0.194854736328125,0.0,0.0,0.019439697265625,0.08343505859375,0.0,0.0,0.0,0.0,0.0,0.0,0.0,0.0
0.19561767578125,-0.194854736328125,0.0,0.0,0.019439697265625,0.08343505859375,0.0,0.0,0.0,0.0,0.0,0.0,0.0,0.0
0.230712890625,-0.14752197265625,0.0,0.0,0.019439697265625,0.08343505859375,0.0,0.0,0.0,0.0,0.0,0.0,0.0,0.0
0.249725341796875,-0.14727783203125,0.0,0.0,0.019439697265625,0.08343505859375,0.0,0.0,0.0,0.0,0.0,0.0,0.0,0.0
0.25274658203125,-0.140380859375,0.0,0.0,0.019439697265625,0.08343505859375,0.0,0.0,0.0,0.0,0.0,0.0,0.0,0.0
0.17510986328125,-0.134979248046875,0.0,0.0,0.019439697265625,0.08343505859375,0.0,0.0,0.0,0.0,0.0,0.0,0.0,0.0
0.136810302734375,-0.132537841796875,0.0,0.0,0.019439697265625,0.08343505859375,0.0,0.0,0.0,0.0,0.0,0.0,0.0,0.0
0.129364013671875,-0.11444091796875,0.0,0.0,0.019439697265625,0.080535888671875,0.0,0.0,0.0,0.0,0.0,0.0,0.0,0.0
0.12713623046875,-0.067779541015625,0.0,0.0,0.019439697265625,0.080535888671875,0.0,0.0,0.0,0.0,0.0,0.0,0.0,0.0
0.116973876953125,-0.05743408203125,0.0,0.0,0.019439697265625,0.080535888671875,0.0,0.0,0.0,0.0,0.0,0.0,0.0,0.0
0.11468505859375,-0.03204345703125,0.0,1.0,0.019439697265625,0.080535888671875,0.0,0.0,0.0,0.0,0.0,0.0,0.0,0.0
0.089141845703125,0.062255859375,0.0,1.0,0.019439697265625,0.080535888671875,0.0,0.0,0.0,0.0,0.0,0.0,0.0,0.0
-0.0186767578125,0.459381103515625,0.0,1.0,0.019439697265625,0.080535888671875,0.0,0.0,0.0,0.0,0.0,0.0,0.0,0.0
-0.28875732421875,0.801513671875,0.0,1.0,0.019439697265625,0.080535888671875,0.0,0.0,0.0,0.0,0.0,0.0,0.0,0.0
-0.324951171875,0.75274658203125,0.0,1.0,0.019439697265625,0.080535888671875,0.0,0.0,0.0,0.0,0.0,0.0,0.0,0.0
-0.32110595703125,0.67669677734375,0.0,1.0,0.019439697265625,0.080535888671875,0.0,0.0,0.0,0.0,0.0,0.0,0.0,0.0
-0.32110595703125,0.6148681640625,0.0,1.0,0.019439697265625,0.080535888671875,0.0,0.0,0.0,0.0,0.0,0.0,0.0,0.0
-0.334381103515625,0.61199951171875,0.0,1.0,0.019439697265625,0.080535888671875,0.0,0.0,0.0,0.0,0.0,0.0,0.0,0.0
-0.33636474609375,0.619140625,0.0,1.0,0.019439697265625,0.080535888671875,0.0,0.0,0.0,0.0,0.0,0.0,0.0,0.0
-0.33636474609375,0.619140625,0.0,1.0,0.019439697265625,0.080535888671875,0.0,0.0,0.0,0.0,0.0,0.0,0.0,0.0
-0.33636474609375,0.619140625,0.0,1.0,0.019439697265625,0.080535888671875,0.0,0.0,0.0,0.0,0.0,0.0,0.0,0.0
-0.33636474609375,0.619140625,0.0,1.0,0.019439697265625,0.080535888671875,0.0,0.0,0.0,0.0,0.0,0.0,0.0,0.0
-0.338348388671875,0.619140625,0.0,1.0,0.019439697265625,0.080535888671875,0.0,0.0,0.0,0.0,0.0,0.0,0.0,0.0
-0.338348388671875,0.62109375,0.0,1.0,0.019439697265625,0.080535888671875,0.0,0.0,0.0,0.0,0.0,0.0,0.0,0.0
-0.338348388671875,0.623382568359375,0.0,1.0,0.019439697265625,0.080535888671875,0.0,0.0,0.0,0.0,0.0,0.0,0.0,0.0
-0.338348388671875,0.63189697265625,0.0,1.0,0.019439697265625,0.080535888671875,0.0,0.0,0.0,0.0,0.0,0.0,0.0,0.0
-0.321563720703125,0.65679931640625,0.0,1.0,0.019439697265625,0.080535888671875,0.0,0.0,0.0,0.0,0.0,0.0,0.0,0.0
-0.318634033203125,0.663421630859375,0.0,1.0,0.019439697265625,0.080535888671875,0.0,0.0,0.0,0.0,0.0,0.0,0.0,0.0
-0.32098388671875,0.6656494140625,0.0,1.0,0.019439697265625,0.080535888671875,0.0,0.0,0.0,0.0,0.0,0.0,0.0,0.0
-0.323211669921875,0.662841796875,0.0,1.0,0.019439697265625,0.080535888671875,0.0,0.0,0.0,0.0,0.0,0.0,0.0,0.0
-0.3251953125,0.662841796875,0.0,1.0,0.019439697265625,0.080535888671875,0.0,0.0,0.0,0.0,0.0,0.0,0.0,0.0
-0.3251953125,0.656005859375,0.0,1.0,0.019439697265625,0.080535888671875,0.0,0.0,0.0,0.0,0.0,0.0,0.0,0.0
-0.322296142578125,0.649810791015625,0.0,1.0,0.019439697265625,0.080535888671875,0.0,0.0,0.0,0.0,0.0,0.0,0.0,0.0
-0.322296142578125,0.638763427734375,0.0,1.0,0.019439697265625,0.080535888671875,0.0,0.0,0.0,0.0,0.0,0.0,0.0,0.0
-0.322296142578125,0.632354736328125,0.0,1.0,0.019439697265625,0.080535888671875,0.0,0.0,0.0,0.0,0.0,0.0,0.0,0.0
-0.25164794921875,0.629486083984375,0.0,1.0,0.019439697265625,0.080535888671875,0.0,0.0,0.0,0.0,0.0,0.0,0.0,0.0
-0.237701416015625,0.619293212890625,0.0,1.0,0.019439697265625,0.080535888671875,0.0,0.0,0.0,0.0,0.0,0.0,0.0,0.0
-0.305450439453125,0.555999755859375,0.0,1.0,0.019439697265625,0.080535888671875,0.0,0.0,0.0,0.0,0.0,0.0,0.0,0.0
-0.323974609375,0.477935791015625,0.0,1.0,0.019439697265625,0.080535888671875,0.0,0.0,0.0,0.0,0.0,0.0,0.0,0.0
-0.335235595703125,0.417266845703125,0.0,1.0,0.019439697265625,0.080535888671875,0.0,0.0,0.0,0.0,0.0,0.0,0.0,0.0
-0.343353271484375,0.424163818359375,0.0,1.0,0.019439697265625,0.080535888671875,0.0,0.0,0.0,0.0,0.0,0.0,0.0,0.0
-0.354644775390625,0.4375,0.0,1.0,0.019439697265625,0.080535888671875,0.0,0.0,0.0,0.0,0.0,0.0,0.0,0.0
-0.359344482421875,0.4375,0.0,1.0,0.019439697265625,0.080535888671875,0.0,0.0,0.0,0.0,0.0,0.0,0.0,0.0
-0.366607666015625,0.43450927734375,0.0,1.0,0.019439697265625,0.080535888671875,0.0,0.0,0.0,0.0,0.0,0.0,0.0,0.0
-0.366607666015625,0.4312744140625,0.0,1.0,0.019439697265625,0.080535888671875,0.0,0.0,0.0,0.0,0.0,0.0,0.0,0.0
-0.366607666015625,0.42852783203125,0.0,1.0,0.019439697265625,0.080535888671875,0.0,0.0,0.0,0.0,0.0,0.0,0.0,0.0
-0.366607666015625,0.425323486328125,0.0,1.0,0.019439697265625,0.080535888671875,0.0,0.0,0.0,0.0,0.0,0.0,0.0,0.0
-0.366607666015625,0.42254638671875,0.0,1.0,0.019439697265625,0.080535888671875,0.0,0.0,0.0,0.0,0.0,0.0,0.0,0.0
-0.366607666015625,0.4044189453125,0.0,1.0,0.019439697265625,0.080535888671875,0.0,0.0,0.0,0.0,0.0,0.0,0.0,0.0
-0.366607666015625,0.394012451171875,0.0,1.0,0.019439697265625,0.080535888671875,0.0,0.0,0.0,0.0,0.0,0.0,0.0,0.0
-0.366607666015625,0.391021728515625,0.0,1.0,0.019439697265625,0.080535888671875,0.0,0.0,0.0,0.0,0.0,0.0,0.0,0.0
-0.366607666015625,0.391021728515625,0.0,1.0,0.019439697265625,0.080535888671875,0.0,0.0,0.0,0.0,0.0,0.0,0.0,0.0
-0.36358642578125,0.391021728515625,0.0,1.0,0.019439697265625,0.080535888671875,0.0,0.0,0.0,0.0,0.0,0.0,0.0,0.0
-0.349700927734375,0.393157958984375,0.0,1.0,0.019439697265625,0.080535888671875,0.0,0.0,0.0,0.0,0.0,0.0,0.0,0.0
-0.346038818359375,0.393157958984375,0.0,1.0,0.019439697265625,0.080535888671875,0.0,0.0,0.0,0.0,0.0,0.0,0.0,0.0
-0.343170166015625,0.384307861328125,0.0,1.0,0.019439697265625,0.080535888671875,0.0,0.0,0.0,0.0,0.0,0.0,0.0,0.0
-0.334503173828125,0.29119873046875,0.0,1.0,0.019439697265625,0.080535888671875,0.0,0.0,0.0,0.0,0.0,0.0,0.0,0.0
-0.234527587890625,0.159912109375,0.0,0.0,0.019439697265625,0.080535888671875,0.0,0.0,0.0,0.0,0.0,0.0,0.0,0.0
-0.201812744140625,0.03131103515625,0.0,0.0,0.019439697265625,0.080535888671875,0.0,0.0,0.0,0.0,0.0,0.0,0.0,0.0
-0.19580078125,-0.02423095703125,0.0,0.0,0.019439697265625,0.080535888671875,0.0,0.0,0.0,0.0,0.0,0.0,0.0,0.0
-0.189178466796875,-0.047210693359375,0.0,0.0,0.019439697265625,0.080535888671875,0.0,0.0,0.0,0.0,0.0,0.0,0.0,0.0
-0.18328857421875,-0.06231689453125,0.0,0.0,0.019439697265625,0.080535888671875,0.0,0.0,0.0,0.0,0.0,0.0,0.0,0.0
-0.18328857421875,-0.08880615234375,0.0,0.0,0.019439697265625,0.080535888671875,0.0,0.0,0.0,0.0,0.0,0.0,0.0,0.0
-0.141387939453125,-0.09283447265625,0.0,0.0,0.019439697265625,0.080535888671875,0.0,0.0,0.0,0.0,0.0,0.0,0.0,0.0
-0.076751708984375,-0.086639404296875,0.0,0.0,0.019439697265625,0.080535888671875,0.0,0.0,0.0,0.0,0.0,0.0,0.0,0.0
0.040435791015625,-0.063812255859375,0.0,0.0,0.019439697265625,0.080535888671875,0.0,0.0,0.0,0.0,0.0,0.0,0.0,0.0
0.11175537109375,-0.05975341796875,0.0,0.0,0.019439697265625,0.080535888671875,0.0,0.0,0.0,0.0,0.0,0.0,0.0,0.0
0.13970947265625,-0.1131591796875,0.0,0.0,0.019439697265625,0.080535888671875,0.0,0.0,0.0,0.0,0.0,0.0,0.0,0.0
0.145965576171875,-0.143890380859375,0.0,0.0,0.019439697265625,0.080535888671875,0.0,0.0,0.0,0.0,0.0,0.0,0.0,0.0
0.156280517578125,-0.181976318359375,0.0,0.0,0.019439697265625,0.080535888671875,0.0,0.0,0.0,0.0,0.0,0.0,0.0,0.0
0.18341064453125,-0.259979248046875,0.0,0.0,0.019439697265625,0.080535888671875,0.0,0.0,0.0,0.0,0.0,0.0,0.0,0.0
0.189666748046875,-0.308990478515625,0.0,0.0,0.019439697265625,0.080535888671875,0.0,0.0,0.0,0.0,0.0,0.0,0.0,0.0
0.189666748046875,-0.329315185546875,0.0,0.0,0.019439697265625,0.080535888671875,0.0,0.0,0.0,0.0,0.0,0.0,0.0,0.0
0.189666748046875,-0.335113525390625,0.0,0.0,0.019439697265625,0.080535888671875,0.0,0.0,0.0,0.0,0.0,0.0,0.0,0.0
0.160858154296875,-0.337890625,0.0,0.0,0.019439697265625,0.080535888671875,0.0,0.0,0.0,0.0,0.0,0.0,0.0,0.0
0.13031005859375,-0.341400146484375,0.0,0.0,0.019439697265625,0.080535888671875,0.0,0.0,0.0,0.0,0.0,0.0,0.0,0.0
0.108917236328125,-0.350799560546875,0.0,0.0,0.019439697265625,0.080535888671875,0.0,0.0,0.0,0.0,0.0,0.0,0.0,0.0
0.100494384765625,-0.3536376953125,0.0,0.0,0.019439697265625,0.080535888671875,0.0,0.0,0.0,0.0,0.0,0.0,0.0,0.0
0.09832763671875,-0.33984375,0.0,0.0,0.019439697265625,0.080535888671875,0.0,0.0,0.0,0.0,0.0,0.0,0.0,0.0
0.09832763671875,-0.334442138671875,0.0,0.0,0.019439697265625,0.080535888671875,0.0,0.0,0.0,0.0,0.0,0.0,0.0,0.0
0.096099853515625,-0.332489013671875,0.0,0.0,0.019439697265625,0.080535888671875,0.0,0.0,0.0,0.0,0.0,0.0,0.0,0.0
0.09393310546875,-0.335296630859375,0.0,0.0,0.019439697265625,0.080535888671875,0.0,0.0,0.0,0.0,0.0,0.0,0.0,0.0
0.097320556640625,-0.32525634765625,0.0,0.0,0.019439697265625,0.080535888671875,0.0,0.0,0.0,0.0,0.0,0.0,0.0,0.0
0.111785888671875,-0.32525634765625,0.0,0.0,0.019439697265625,0.080535888671875,0.0,0.0,0.0,0.0,0.0,0.0,0.0,0.0
0.1180419921875,-0.32525634765625,0.0,0.0,0.019439697265625,0.080535888671875,0.0,0.0,0.0,0.0,0.0,0.0,0.0,0.0
0.121368408203125,-0.32293701171875,0.0,0.0,0.019439697265625,0.080535888671875,0.0,0.0,0.0,0.0,0.0,0.0,0.0,0.0
0.121368408203125,-0.32098388671875,0.0,0.0,0.019439697265625,0.080535888671875,0.0,0.0,0.0,0.0,0.0,0.0,0.0,0.0
0.121368408203125,-0.32098388671875,0.0,0.0,0.019439697265625,0.080535888671875,0.0,0.0,0.0,0.0,0.0,0.0,0.0,0.0
0.121368408203125,-0.30535888671875,0.0,0.0,0.019439697265625,0.080535888671875,0.0,0.0,0.0,0.0,0.0,0.0,0.0,0.0
0.13970947265625,-0.279693603515625,0.0,0.0,0.019439697265625,0.080535888671875,0.0,0.0,0.0,0.0,0.0,0.0,0.0,0.0
0.17205810546875,-0.2559814453125,0.0,0.0,0.019439697265625,0.080535888671875,0.0,0.0,0.0,0.0,0.0,0.0,0.0,0.0
0.17510986328125,-0.2559814453125,0.0,0.0,0.019439697265625,0.080535888671875,0.0,0.0,0.0,0.0,0.0,0.0,0.0,0.0
0.17510986328125,-0.25872802734375,0.0,0.0,0.019439697265625,0.080535888671875,0.0,0.0,0.0,0.0,0.0,0.0,0.0,0.0
0.17510986328125,-0.25567626953125,0.0,0.0,0.019439697265625,0.080535888671875,0.0,0.0,0.0,0.0,0.0,0.0,0.0,0.0
0.173065185546875,-0.235748291015625,0.0,0.0,0.019439697265625,0.080535888671875,0.0,0.0,0.0,0.0,0.0,0.0,0.0,0.0
0.153289794921875,-0.22662353515625,0.0,0.0,0.019439697265625,0.080535888671875,0.0,0.0,0.0,0.0,0.0,0.0,0.0,0.0
0.136627197265625,-0.22662353515625,0.0,0.0,0.019439697265625,0.080535888671875,0.0,0.0,0.0,0.0,0.0,0.0,0.0,0.0
0.132476806640625,-0.22662353515625,0.0,0.0,0.019439697265625,0.080535888671875,0.0,0.0,0.0,0.0,0.0,0.0,0.0,0.0
0.132476806640625,-0.22662353515625,0.0,0.0,0.019439697265625,0.080535888671875,0.0,0.0,0.0,0.0,0.0,0.0,0.0,0.0
0.127899169921875,-0.206573486328125,0.0,0.0,0.019439697265625,0.080535888671875,0.0,0.0,0.0,0.0,0.0,0.0,0.0,0.0
0.12298583984375,-0.19830322265625,0.0,0.0,0.019439697265625,0.080535888671875,0.0,0.0,0.0,0.0,0.0,0.0,0.0,0.0
0.120880126953125,-0.210235595703125,0.0,0.0,0.019439697265625,0.080535888671875,0.0,0.0,0.0,0.0,0.0,0.0,0.0,0.0
0.120880126953125,-0.217254638671875,0.0,0.0,0.019439697265625,0.080535888671875,0.0,0.0,0.0,0.0,0.0,0.0,0.0,0.0
0.120880126953125,-0.214263916015625,0.0,0.0,0.019439697265625,0.080535888671875,0.0,0.0,0.0,0.0,0.0,0.0,0.0,0.0
0.120880126953125,-0.190185546875,0.0,0.0,0.019439697265625,0.080535888671875,0.0,0.0,0.0,0.0,0.0,0.0,0.0,0.0
0.120880126953125,-0.177734375,0.0,0.0,0.019439697265625,0.080535888671875,0.0,0.0,0.0,0.0,0.0,0.0,0.0,0.0
0.1116943359375,-0.163726806640625,0.0,0.0,0.019439697265625,0.080535888671875,0.0,0.0,0.0,0.0,0.0,0.0,0.0,0.0
0.085479736328125,-0.148651123046875,0.0,0.0,0.019439697265625,0.080535888671875,0.0,0.0,0.0,0.0,0.0,0.0,0.0,0.0
0.07403564453125,-0.146484375,0.0,0.0,0.019439697265625,0.080535888671875,0.0,0.0,0.0,0.0,0.0,0.0,0.0,0.0
0.055511474609375,-0.14459228515625,0.0,0.0,0.019439697265625,0.080535888671875,0.0,0.0,0.0,0.0,0.0,0.0,0.0,0.0
0.05047607421875,-0.1475830078125,0.0,0.0,0.019439697265625,0.080535888671875,0.0,0.0,0.0,0.0,0.0,0.0,0.0,0.0
0.0465087890625,-0.1475830078125,0.0,0.0,0.019439697265625,0.080535888671875,0.0,0.0,0.0,0.0,0.0,0.0,0.0,0.0
0.044403076171875,-0.140625,0.0,0.0,0.019439697265625,0.080535888671875,0.0,0.0,0.0,0.0,0.0,0.0,0.0,0.0
0.044403076171875,-0.138336181640625,0.0,0.0,0.019439697265625,0.080535888671875,0.0,0.0,0.0,0.0,0.0,0.0,0.0,0.0
0.044403076171875,-0.136444091796875,0.0,0.0,0.019439697265625,0.080535888671875,0.0,0.0,0.0,0.0,0.0,0.0,0.0,0.0
0.044403076171875,-0.139251708984375,0.0,0.0,0.019439697265625,0.080535888671875,0.0,0.0,0.0,0.0,0.0,0.0,0.0,0.0
0.047393798828125,-0.139251708984375,0.0,0.0,0.019439697265625,0.080535888671875,0.0,0.0,0.0,0.0,0.0,0.0,0.0,0.0
0.047393798828125,-0.137176513671875,0.0,0.0,0.019439697265625,0.080535888671875,0.0,0.0,0.0,0.0,0.0,0.0,0.0,0.0
0.047393798828125,-0.12286376953125,0.0,0.0,0.019439697265625,0.080535888671875,0.0,0.0,0.0,0.0,0.0,0.0,0.0,0.0
0.047393798828125,-0.11328125,0.0,0.0,0.019439697265625,0.080535888671875,0.0,0.0,0.0,0.0,0.0,0.0,0.0,0.0
0.047393798828125,-0.08294677734375,0.0,0.0,0.019439697265625,0.080535888671875,0.0,0.0,0.0,0.0,0.0,0.0,0.0,0.0
0.0816650390625,-0.02447509765625,0.0,0.0,0.019439697265625,0.080535888671875,0.0,0.0,0.0,0.0,0.0,0.0,0.0,0.0
0.109161376953125,0.0164794921875,0.0,0.0,0.019439697265625,0.080535888671875,0.0,0.0,0.0,0.0,0.0,0.0,0.0,0.0
0.109161376953125,0.01849365234375,0.0,0.0,0.019439697265625,0.080535888671875,0.0,0.0,0.0,0.0,0.0,0.0,0.0,0.0
0.109161376953125,0.01849365234375,0.0,1.0,0.019439697265625,0.080535888671875,0.0,0.0,0.0,0.0,0.0,0.0,0.0,0.0
0.109161376953125,0.015625,0.0,1.0,0.019439697265625,0.080535888671875,0.0,0.0,0.0,0.0,0.0,0.0,0.0,0.0
0.109161376953125,0.015625,0.0,1.0,0.019439697265625,0.080535888671875,0.0,0.0,0.0,0.0,0.0,0.0,0.0,0.0
0.0982666015625,0.0252685546875,0.0,1.0,0.019439697265625,0.080535888671875,0.0,0.0,0.0,0.0,0.0,0.0,0.0,0.0
0.032379150390625,0.08203125,0.0,1.0,0.019439697265625,0.080535888671875,0.0,0.0,0.0,0.0,0.0,0.0,0.0,0.0
-0.030029296875,0.13397216796875,0.0,1.0,0.019439697265625,0.080535888671875,0.0,0.0,0.0,0.0,0.0,0.0,0.0,0.0
-0.111572265625,0.230987548828125,0.0,1.0,0.019439697265625,0.080535888671875,0.0,0.0,0.0,0.0,0.0,0.0,0.0,0.0
-0.13409423828125,0.258544921875,0.0,1.0,0.019439697265625,0.080535888671875,0.0,0.0,0.0,0.0,0.0,0.0,0.0,0.0
-0.1876220703125,0.32977294921875,0.0,1.0,0.019439697265625,0.080535888671875,0.0,0.0,0.0,0.0,0.0,0.0,0.0,0.0
-0.193145751953125,0.299407958984375,0.0,1.0,0.019439697265625,0.080535888671875,0.0,0.0,0.0,0.0,0.0,0.0,0.0,0.0
-0.193145751953125,0.308349609375,0.0,1.0,0.019439697265625,0.080535888671875,0.0,0.0,0.0,0.0,0.0,0.0,0.0,0.0
-0.193145751953125,0.327667236328125,0.0,1.0,0.019439697265625,0.080535888671875,0.0,0.0,0.0,0.0,0.0,0.0,0.0,0.0
-0.193145751953125,0.33404541015625,0.0,1.0,0.019439697265625,0.080535888671875,0.0,0.0,0.0,0.0,0.0,0.0,0.0,0.0
-0.193145751953125,0.3360595703125,0.0,1.0,0.019439697265625,0.080535888671875,0.0,0.0,0.0,0.0,0.0,0.0,0.0,0.0
-0.193145751953125,0.3037109375,0.0,1.0,0.019439697265625,0.080535888671875,0.0,0.0,0.0,0.0,0.0,0.0,0.0,0.0
-0.190216064453125,0.247467041015625,0.0,1.0,0.019439697265625,0.080535888671875,0.0,0.0,0.0,0.0,0.0,0.0,0.0,0.0
-0.190216064453125,0.23260498046875,0.0,1.0,0.019439697265625,0.080535888671875,0.0,0.0,0.0,0.0,0.0,0.0,0.0,0.0
-0.190216064453125,0.226104736328125,0.0,1.0,0.019439697265625,0.080535888671875,0.0,0.0,0.0,0.0,0.0,0.0,0.0,0.0
-0.168487548828125,0.19110107421875,0.0,1.0,0.019439697265625,0.080535888671875,0.0,0.0,0.0,0.0,0.0,0.0,0.0,0.0
-0.073974609375,0.127471923828125,0.0,1.0,0.019439697265625,0.080535888671875,0.0,0.0,0.0,0.0,0.0,0.0,0.0,0.0
0.024139404296875,0.014923095703125,0.0,1.0,0.019439697265625,0.080535888671875,0.0,0.0,0.0,0.0,0.0,0.0,0.0,0.0
0.043975830078125,-0.00994873046875,0.0,1.0,0.019439697265625,0.080535888671875,0.0,0.0,0.0,0.0,0.0,0.0,0.0,0.0
0.043975830078125,-0.01287841796875,0.0,1.0,0.019439697265625,0.080535888671875,0.0,0.0,0.0,0.0,0.0,0.0,0.0,0.0
0.033203125,-0.007110595703125,0.0,1.0,0.019439697265625,0.080535888671875,0.0,0.0,0.0,0.0,0.0,0.0,0.0,0.0
0.01715087890625,0.036376953125,0.0,1.0,0.019439697265625,0.080535888671875,0.0,0.0,0.0,0.0,0.0,0.0,0.0,0.0
-0.129791259765625,0.249664306640625,0.0,1.0,0.019439697265625,0.080535888671875,0.0,0.0,0.0,0.0,0.0,0.0,0.0,0.0
-0.18389892578125,0.29296875,0.0,1.0,0.019439697265625,0.080535888671875,0.0,0.0,0.0,0.0,0.0,0.0,0.0,0.0
-0.181549072265625,0.24578857421875,0.0,1.0,0.019439697265625,0.080535888671875,0.0,0.0,0.0,0.0,0.0,0.0,0.0,0.0
-0.08563232421875,0.171875,0.0,1.0,0.019439697265625,0.080535888671875,0.0,0.0,0.0,0.0,0.0,0.0,0.0,0.0
0.016082763671875,0.0946044921875,0.0,1.0,0.019439697265625,0.080535888671875,0.0,0.0,0.0,0.0,0.0,0.0,0.0,0.0
0.048126220703125,0.05267333984375,0.0,1.0,0.019439697265625,0.080535888671875,0.0,0.0,0.0,0.0,0.0,0.0,0.0,0.0
0.05120849609375,0.045623779296875,0.0,1.0,0.019439697265625,0.080535888671875,0.0,0.0,0.0,0.0,0.0,0.0,0.0,0.0
0.05120849609375,0.03924560546875,0.0,1.0,0.019439697265625,0.080535888671875,0.0,0.0,0.0,0.0,0.0,0.0,0.0,0.0
0.05120849609375,0.03924560546875,0.0,1.0,0.019439697265625,0.080535888671875,0.0,0.0,0.0,0.0,0.0,0.0,0.0,0.0
0.05120849609375,0.02752685546875,0.0,1.0,0.019439697265625,0.080535888671875,0.0,0.0,0.0,0.0,0.0,0.0,0.0,0.0
0.05120849609375,-0.030914306640625,0.0,1.0,0.019439697265625,0.080535888671875,0.0,0.0,0.0,0.0,0.0,0.0,0.0,0.0
0.05120849609375,-0.045440673828125,0.0,0.0,0.019439697265625,0.080535888671875,0.0,0.0,0.0,0.0,0.0,0.0,0.0,0.0
0.05120849609375,-0.048248291015625,0.0,0.0,0.019439697265625,0.080535888671875,0.0,0.0,0.0,0.0,0.0,0.0,0.0,0.0
0.05120849609375,-0.065948486328125,0.0,0.0,0.019439697265625,0.080535888671875,0.0,0.0,0.0,0.0,0.0,0.0,0.0,0.0
0.03826904296875,-0.121795654296875,0.0,0.0,0.019439697265625,0.080535888671875,0.0,0.0,0.0,0.0,0.0,0.0,0.0,0.0
-0.023895263671875,-0.209564208984375,0.0,0.0,0.019439697265625,0.080535888671875,0.0,0.0,0.0,0.0,0.0,0.0,0.0,0.0
-0.0421142578125,-0.248321533203125,0.0,0.0,0.019439697265625,0.080535888671875,0.0,0.0,0.0,0.0,0.0,0.0,0.0,0.0
-0.044219970703125,-0.25897216796875,0.0,0.0,0.019439697265625,0.080535888671875,0.0,0.0,0.0,0.0,0.0,0.0,0.0,0.0
-0.040313720703125,-0.235809326171875,0.0,0.0,0.019439697265625,0.080535888671875,0.0,0.0,0.0,0.0,0.0,0.0,0.0,0.0
0.02593994140625,-0.11627197265625,0.0,0.0,0.019439697265625,0.080535888671875,0.0,0.0,0.0,0.0,0.0,0.0,0.0,0.0
0.0469970703125,-0.0577392578125,0.0,0.0,0.019439697265625,0.080535888671875,0.0,0.0,0.0,0.0,0.0,0.0,0.0,0.0
0.05047607421875,-0.055145263671875,0.0,0.0,0.019439697265625,0.080535888671875,0.0,0.0,0.0,0.0,0.0,0.0,0.0,0.0
0.05047607421875,-0.165435791015625,0.0,0.0,0.019439697265625,0.080535888671875,0.0,0.0,0.0,0.0,0.0,0.0,0.0,0.0
0.048309326171875,-0.196044921875,0.0,0.0,0.019439697265625,0.080535888671875,0.0,0.0,0.0,0.0,0.0,0.0,0.0,0.0
0.05120849609375,-0.082244873046875,0.0,0.0,0.019439697265625,0.080535888671875,0.0,0.0,0.0,0.0,0.0,0.0,0.0,0.0
0.05419921875,-0.047119140625,0.0,0.0,0.019439697265625,0.080535888671875,0.0,0.0,0.0,0.0,0.0,0.0,0.0,0.0
0.05419921875,-0.042510986328125,0.0,0.0,0.019439697265625,0.080535888671875,0.0,0.0,0.0,0.0,0.0,0.0,0.0,0.0
0.05419921875,-0.042510986328125,0.0,1.0,0.019439697265625,0.080535888671875,0.0,0.0,0.0,0.0,0.0,0.0,0.0,0.0
0.05419921875,-0.042510986328125,0.0,1.0,0.019439697265625,0.080535888671875,0.0,0.0,0.0,0.0,0.0,0.0,0.0,0.0
0.05419921875,-0.042510986328125,0.0,1.0,0.019439697265625,0.080535888671875,0.0,0.0,0.0,0.0,0.0,0.0,0.0,0.0
0.048431396484375,0.01544189453125,0.0,1.0,0.019439697265625,0.080535888671875,0.0,0.0,0.0,0.0,0.0,0.0,0.0,0.0
0.027435302734375,0.033447265625,0.0,1.0,0.019439697265625,0.080535888671875,0.0,0.0,0.0,0.0,0.0,0.0,0.0,0.0
0.01080322265625,0.051300048828125,0.0,1.0,0.019439697265625,0.080535888671875,0.0,0.0,0.0,0.0,0.0,0.0,0.0,0.0
-0.019989013671875,0.068572998046875,0.0,1.0,0.019439697265625,0.080535888671875,0.0,0.0,0.0,0.0,0.0,0.0,0.0,0.0
-0.027374267578125,0.083221435546875,0.0,1.0,0.019439697265625,0.080535888671875,0.0,0.0,0.0,0.0,0.0,0.0,0.0,0.0
-0.02935791015625,0.091400146484375,0.0,1.0,0.019439697265625,0.080535888671875,0.0,0.0,0.0,0.0,0.0,0.0,0.0,0.0
-0.1234130859375,0.185546875,0.0,1.0,0.019439697265625,0.080535888671875,0.0,0.0,0.0,0.0,0.0,0.0,0.0,0.0
-0.172943115234375,0.2176513671875,0.0,1.0,0.019439697265625,0.080535888671875,0.0,0.0,0.0,0.0,0.0,0.0,0.0,0.0
-0.172943115234375,0.20709228515625,0.0,1.0,0.019439697265625,0.080535888671875,0.0,0.0,0.0,0.0,0.0,0.0,0.0,0.0
-0.035675048828125,0.0595703125,0.0,1.0,0.019439697265625,0.080535888671875,0.0,0.0,0.0,0.0,0.0,0.0,0.0,0.0
0.03338623046875,-0.024078369140625,0.0,1.0,0.019439697265625,0.080535888671875,0.0,0.0,0.0,0.0,0.0,0.0,0.0,0.0
0.045074462890625,-0.034820556640625,0.0,1.0,0.019439697265625,0.080535888671875,0.0,0.0,0.0,0.0,0.0,0.0,0.0,0.0
0.019378662109375,0.036590576171875,0.0,1.0,0.019439697265625,0.080535888671875,0.0,0.0,0.0,0.0,0.0,0.0,0.0,0.0
-0.07073974609375,0.135345458984375,0.0,1.0,0.019439697265625,0.080535888671875,0.0,0.0,0.0,0.0,0.0,0.0,0.0,0.0
-0.254241943359375,0.377532958984375,0.0,1.0,0.019439697265625,0.080535888671875,0.0,0.0,0.0,0.0,0.0,0.0,0.0,0.0
-0.23504638671875,0.378570556640625,0.0,1.0,0.019439697265625,0.080535888671875,0.0,0.0,0.0,0.0,0.0,0.0,0.0,0.0
-0.108978271484375,0.189666748046875,0.0,1.0,0.019439697265625,0.080535888671875,0.0,0.0,0.0,0.0,0.0,0.0,0.0,0.0
0.0057373046875,0.062255859375,0.0,1.0,0.019439697265625,0.080535888671875,0.0,0.0,0.0,0.0,0.0,0.0,0.0,0.0
0.029296875,0.041351318359375,0.0,1.0,0.019439697265625,0.080535888671875,0.0,0.0,0.0,0.0,0.0,0.0,0.0,0.0
0.032440185546875,0.034759521484375,0.0,1.0,0.019439697265625,0.080535888671875,0.0,0.0,0.0,0.0,0.0,0.0,0.0,0.0
0.032440185546875,0.034759521484375,0.0,0.0,0.019439697265625,0.080535888671875,0.0,0.0,0.0,0.0,0.0,0.0,0.0,0.0
0.032440185546875,0.034759521484375,0.0,0.0,0.019439697265625,0.080535888671875,0.0,0.0,0.0,0.0,0.0,0.0,0.0,0.0
0.032440185546875,0.034759521484375,0.0,0.0,0.019439697265625,0.080535888671875,0.0,0.0,0.0,0.0,0.0,0.0,0.0,0.0
0.032440185546875,0.031982421875,0.0,0.0,0.019439697265625,0.080535888671875,0.0,0.0,0.0,0.0,0.0,0.0,0.0,0.0
0.032440185546875,0.031982421875,0.0,0.0,0.019439697265625,0.080535888671875,0.0,0.0,0.0,0.0,0.0,0.0,0.0,0.0
0.032440185546875,0.028717041015625,0.0,0.0,0.019439697265625,0.080535888671875,0.0,0.0,0.0,0.0,0.0,0.0,0.0,0.0
0.032440185546875,0.01837158203125,0.0,0.0,0.019439697265625,0.080535888671875,0.0,0.0,0.0,0.0,0.0,0.0,0.0,0.0
0.032440185546875,0.015167236328125,0.0,0.0,0.019439697265625,0.080535888671875,0.0,0.0,0.0,0.0,0.0,0.0,0.0,0.0
0.032440185546875,0.015167236328125,0.0,0.0,0.019439697265625,0.080535888671875,0.0,0.0,0.0,0.0,0.0,0.0,0.0,0.0
0.032440185546875,0.015167236328125,0.0,0.0,0.019439697265625,0.080535888671875,0.0,0.0,0.0,0.0,0.0,0.0,0.0,0.0
0.032440185546875,0.015167236328125,0.0,0.0,0.019439697265625,0.080535888671875,0.0,0.0,0.0,0.0,0.0,0.0,0.0,0.0
0.032440185546875,0.015167236328125,0.0,0.0,0.019439697265625,0.080535888671875,0.0,0.0,0.0,0.0,0.0,0.0,0.0,0.0
0.032440185546875,0.015167236328125,0.0,0.0,0.019439697265625,0.080535888671875,0.0,0.0,0.0,0.0,0.0,0.0,0.0,0.0
0.032440185546875,0.02630615234375,0.0,0.0,0.019439697265625,0.080535888671875,0.0,0.0,0.0,0.0,0.0,0.0,0.0,0.0
0.032440185546875,0.0283203125,0.0,0.0,0.019439697265625,0.080535888671875,0.0,0.0,0.0,0.0,0.0,0.0,0.0,0.0
0.032440185546875,0.0283203125,0.0,0.0,0.019439697265625,0.080535888671875,0.0390625,0.0,0.0,0.0,0.0,0.0,0.0,0.0
0.032440185546875,0.0283203125,0.0,0.0,0.019439697265625,0.080535888671875,0.234375,0.0,0.0,0.0,0.0,0.0,0.0,0.0
0.032440185546875,0.0283203125,0.0,0.0,0.019439697265625,0.080535888671875,0.40234375,0.0,0.0,0.0,0.0,0.0,0.0,0.0
0.032440185546875,0.0283203125,0.0,0.0,0.019439697265625,0.080535888671875,0.51171875,0.0,0.0,0.0,0.0,0.0,0.0,0.0
0.032440185546875,0.0283203125,0.0,0.0,0.019439697265625,0.080535888671875,0.65234375,0.0,0.0,0.0,0.0,0.0,0.0,0.0
0.032440185546875,0.0283203125,0.0,0.0,0.019439697265625,0.080535888671875,0.75,0.0,0.0,0.0,0.0,0.0,0.0,0.0
0.032440185546875,0.0283203125,0.0,0.0,0.019439697265625,0.080535888671875,0.82421875,0.0,0.0,0.0,0.0,0.0,0.0,0.0
0.032440185546875,0.0283203125,0.0,0.0,0.019439697265625,0.080535888671875,0.94921875,0.0,0.0,0.0,0.0,0.0,0.0,0.0
0.032440185546875,0.0283203125,0.0,0.0,0.019439697265625,0.080535888671875,1.125,0.0,0.0,0.0,0.0,0.0,0.0,0.0
0.032440185546875,0.0283203125,0.0,0.0,0.019439697265625,0.080535888671875,1.11328125,0.0,0.0,0.0,0.0,0.0,0.0,0.0
0.032440185546875,0.0283203125,0.0,0.0,0.019439697265625,0.080535888671875,1.07421875,0.0,0.0,0.0,0.0,0.0,0.0,0.0
0.032440185546875,0.0283203125,0.0,0.0,0.019439697265625,0.080535888671875,1.04296875,0.0,0.0,0.0,0.0,0.0,0.0,0.0
0.032440185546875,0.0283203125,0.0,0.0,0.019439697265625,0.080535888671875,1.0546875,0.0,0.0,0.0,0.0,0.0,0.0,0.0
0.032440185546875,0.0283203125,0.0,0.0,0.019439697265625,0.080535888671875,1.0234375,0.0,0.0,0.0,0.0,0.0,0.0,0.0
0.032440185546875,0.0283203125,0.0,0.0,0.019439697265625,0.080535888671875,0.9375,0.0,0.0,0.0,0.0,0.0,0.0,0.0
0.032440185546875,0.0283203125,0.0,0.0,0.019439697265625,0.080535888671875,0.94140625,0.0,0.0,0.0,0.0,0.0,0.0,0.0
0.032440185546875,0.0283203125,0.0,0.0,0.019439697265625,0.080535888671875,0.95703125,0.0,0.0,0.0,0.0,0.0,0.0,0.0
0.032440185546875,0.0283203125,0.0,0.0,0.019439697265625,0.080535888671875,0.94921875,0.0,0.0,0.0,0.0,0.0,0.0,0.0
0.032440185546875,0.0283203125,0.0,0.0,0.019439697265625,0.080535888671875,0.9453125,0.0,0.0,0.0,0.0,0.0,0.0,0.0
0.032440185546875,0.0283203125,0.0,0.0,0.019439697265625,0.080535888671875,0.9609375,0.0,0.0,0.0,0.0,0.0,0.0,0.0
0.032440185546875,0.0283203125,0.0,0.0,0.019439697265625,0.080535888671875,1.08984375,0.0,0.0,0.0,0.0,0.0,0.0,0.0
0.032440185546875,0.0283203125,0.0,0.0,0.019439697265625,0.080535888671875,1.1875,0.0,0.0,0.0,0.0,0.0,0.0,0.0
0.032440185546875,0.0283203125,0.0,0.0,0.019439697265625,0.080535888671875,1.234375,0.0,0.0,0.0,0.0,0.0,0.0,0.0
0.032440185546875,0.0283203125,0.0,0.0,0.019439697265625,0.080535888671875,1.30859375,0.0,0.0,0.0,0.0,0.0,0.0,0.0
0.032440185546875,0.0283203125,0.0,0.0,0.019439697265625,0.080535888671875,1.3046875,0.0,0.0,0.0,0.0,0.0,0.0,0.0
0.032440185546875,0.0283203125,0.0,0.0,0.019439697265625,0.080535888671875,1.27734375,0.0,0.0,0.0,0.0,0.0,0.0,0.0
0.032440185546875,0.0283203125,0.0,0.0,0.019439697265625,0.080535888671875,1.27734375,0.0,0.0,0.0,0.0,0.0,0.0,0.0
0.032440185546875,0.0283203125,0.0,0.0,0.019439697265625,0.080535888671875,1.25390625,0.0,0.0,0.0,0.0,0.0,0.0,0.0
0.032440185546875,0.0283203125,0.0,0.0,0.019439697265625,0.080535888671875,1.25390625,0.0,0.0,0.0,0.0,0.0,0.0,0.0
0.032440185546875,0.0283203125,0.0,0.0,0.019439697265625,0.080535888671875,1.3125,0.0,0.0,0.0,0.0,0.0,0.0,0.0
0.032440185546875,0.0283203125,0.0,0.0,0.019439697265625,0.080535888671875,1.3671875,0.0,0.0,0.0,0.0,0.0,0.0,0.0
0.032440185546875,0.0283203125,0.0,0.0,0.019439697265625,0.080535888671875,1.3828125,0.0,0.0,0.0,0.0,0.0,0.0,0.0
0.032440185546875,0.0283203125,0.0,0.0,0.019439697265625,0.080535888671875,1.4296875,0.0,0.0,0.0,0.0,0.0,0.0,0.0
0.032440185546875,0.0283203125,0.0,0.0,0.019439697265625,0.080535888671875,1.48046875,0.0,0.0,0.0,0.0,0.0,0.0,0.0
0.032440185546875,0.0283203125,0.0,0.0,0.019439697265625,0.080535888671875,1.52734375,0.0,0.0,0.0,0.0,0.0,0.0,0.0
0.032440185546875,0.0283203125,0.0,0.0,0.019439697265625,0.080535888671875,1.5546875,0.0,0.0,0.0,0.0,0.0,0.0,0.0
0.032440185546875,0.0283203125,0.0,0.0,0.019439697265625,0.080535888671875,1.60546875,0.0,0.0,0.0,0.0,0.0,0.0,0.0
0.032440185546875,0.0283203125,0.0,0.0,0.019439697265625,0.080535888671875,1.640625,0.0,0.0,0.0,0.0,0.0,0.0,0.0
0.032440185546875,0.0283203125,0.0,0.0,0.019439697265625,0.080535888671875,1.63671875,0.0,0.0,0.0,0.0,0.0,0.0,0.0
0.032440185546875,0.0283203125,0.0,0.0,0.019439697265625,0.080535888671875,1.6328125,0.0,0.0,0.0,0.0,0.0,0.0,0.0
0.032440185546875,0.0283203125,0.0,0.0,0.019439697265625,0.080535888671875,1.69140625,0.0,0.0,0.0,0.0,0.0,0.0,0.0
0.032440185546875,0.0283203125,0.0,0.0,0.019439697265625,0.080535888671875,1.71875,0.0,0.0,0.0,0.0,0.0,0.0,0.0
0.032440185546875,0.0283203125,0.0,0.0,0.019439697265625,0.080535888671875,1.7421875,0.0,0.0,0.0,0.0,0.0,0.0,0.0
0.032440185546875,0.0283203125,0.0,0.0,0.019439697265625,0.080535888671875,1.8125,0.0,0.0,0.0,0.0,0.0,0.0,0.0
0.032440185546875,0.0283203125,0.0,0.0,0.019439697265625,0.080535888671875,1.87890625,0.0,0.0,0.0,0.0,0.0,0.0,0.0
0.032440185546875,0.0283203125,0.0,0.0,0.019439697265625,0.080535888671875,1.97265625,0.0,0.0,0.0,0.0,0.0,0.0,0.0
0.032440185546875,0.0283203125,0.0,0.0,0.019439697265625,0.080535888671875,2.05078125,0.0,0.0,0.0,0.0,0.0,0.0,0.0
0.032440185546875,0.0283203125,0.0,0.0,0.019439697265625,0.080535888671875,2.19140625,0.0,0.0,0.0,0.0,0.0,0.0,0.0
0.032440185546875,0.0283203125,0.0,0.0,0.019439697265625,0.080535888671875,2.3046875,0.0,0.0,0.0,0.0,0.0,0.0,0.0
0.032440185546875,0.0283203125,0.0,0.0,0.019439697265625,0.080535888671875,2.390625,0.0,0.0,0.0,0.0,0.0,0.0,0.0
0.032440185546875,0.0283203125,0.0,0.0,0.019439697265625,0.07763671875,2.37109375,0.0,0.0,0.0,0.0,0.0,0.0,0.0
0.032440185546875,0.0283203125,0.0,0.0,0.019439697265625,0.07763671875,2.34375,0.0,0.0,0.0,0.0,0.0,0.0,0.0
0.032440185546875,0.0283203125,0.0,0.0,0.019439697265625,0.07763671875,2.33203125,0.0,0.0,0.0,0.0,0.0,0.0,0.0
0.032440185546875,0.0283203125,0.0,0.0,0.019439697265625,0.07763671875,2.328125,0.0,0.0,0.0,0.0,0.0,0.0,0.0
0.032440185546875,0.0283203125,0.0,0.0,0.019439697265625,0.07763671875,2.4375,0.0,0.0,0.0,0.0,0.0,0.0,0.0
0.032440185546875,0.0283203125,0.0,0.0,0.019439697265625,0.07135009765625,2.66015625,0.0,0.0,0.0,0.0,0.0,0.0,0.0
0.032440185546875,0.0283203125,0.0,0.0,0.019439697265625,0.068328857421875,3.1875,0.0,0.0,0.0,0.0,0.0,0.0,0.0
0.032440185546875,0.0283203125,0.0,0.0,0.019439697265625,0.055389404296875,3.99609375,0.0,0.0,0.0,0.0,0.0,0.0,0.0
0.032440185546875,0.0283203125,0.0,0.0,0.019439697265625,0.049530029296875,3.99609375,0.0,0.0,0.0,0.0,0.0,0.0,0.0
0.032440185546875,0.0283203125,0.0,0.0,0.019439697265625,0.049530029296875,3.99609375,0.0,0.0,0.0,0.0,0.0,0.0,0.0
0.032440185546875,0.0283203125,0.0,0.0,0.019439697265625,0.049530029296875,3.99609375,0.0,0.0,0.0,0.0,0.0,0.0,0.0
0.032440185546875,0.0283203125,0.0,0.0,0.019439697265625,0.049530029296875,3.99609375,0.0,0.0,0.0,0.0,0.0,0.0,0.0
0.032440185546875,0.0283203125,0.0,0.0,0.019439697265625,0.049530029296875,3.99609375,0.0,0.0,0.0,0.0,0.0,0.0,0.0
0.032440185546875,0.0283203125,0.0,0.0,0.019439697265625,0.049530029296875,3.99609375,0.0,0.0,0.0,0.0,0.0,0.0,0.0
0.032440185546875,0.0283203125,0.0,0.0,0.019439697265625,0.049530029296875,3.99609375,0.0,0.0,0.0,0.0,0.0,0.0,0.0
0.032440185546875,0.0283203125,0.0,0.0,0.019439697265625,0.049530029296875,3.99609375,0.0,0.0,0.0,0.0,0.0,0.0,0.0
0.032440185546875,0.0283203125,0.0,0.0,0.019439697265625,0.049530029296875,3.99609375,0.0,0.0,0.0,0.0,0.0,0.0,0.0
0.032440185546875,0.021728515625,0.0,0.0,0.019439697265625,0.04632568359375,3.99609375,0.0,0.0,0.0,0.0,0.0,0.0,0.0
0.035430908203125,0.007171630859375,0.0,0.0,0.019439697265625,0.04632568359375,3.99609375,0.0,0.0,0.0,0.0,0.0,0.0,0.0
0.03863525390625,-0.012298583984375,0.0,0.0,0.019439697265625,0.04632568359375,3.99609375,0.0,0.0,0.0,0.0,0.0,0.0,0.0
0.03863525390625,-0.015167236328125,0.0,0.0,0.019439697265625,0.04632568359375,3.99609375,0.0,0.0,0.0,0.0,0.0,0.0,0.0
0.03863525390625,-0.015167236328125,0.0,0.0,0.019439697265625,0.04833984375,3.99609375,0.0,0.0,0.0,0.0,0.0,0.0,0.0
0.03863525390625,-0.015167236328125,0.0,0.0,0.019439697265625,0.04833984375,3.99609375,0.0,0.0,0.0,0.0,0.0,0.0,0.0
0.03863525390625,-0.015167236328125,0.0,0.0,0.019439697265625,0.04833984375,3.99609375,0.0,0.0,0.0,0.0,0.0,0.0,0.0
0.03863525390625,-0.015167236328125,0.0,0.0,0.019439697265625,0.04833984375,3.99609375,0.0,0.0,0.0,0.0,0.0,0.0,0.0
0.03863525390625,-0.015167236328125,0.0,0.0,0.019439697265625,0.04833984375,3.99609375,0.0,0.0,0.0,0.0,0.0,0.0,0.0
0.03863525390625,-0.015167236328125,0.0,0.0,0.019439697265625,0.04833984375,3.99609375,0.0,0.0,0.0,0.0,0.0,0.0,0.0
0.03863525390625,-0.015167236328125,0.0,0.0,0.019439697265625,0.04833984375,3.99609375,0.0,0.0,0.0,0.0,0.0,0.0,0.0
0.03106689453125,-0.010040283203125,0.0,0.0,0.019439697265625,0.04833984375,3.99609375,0.0,0.0,0.0,0.0,0.0,0.0,0.0
0.023712158203125,-0.0047607421875,0.0,0.0,0.019439697265625,0.04833984375,3.99609375,0.0,0.0,0.0,0.0,0.0,0.0,0.0
0.016815185546875,-0.0047607421875,0.0,0.0,0.019439697265625,0.04833984375,3.99609375,0.0,0.0,0.0,0.0,0.0,0.0,0.0
0.020233154296875,-0.0047607421875,0.0,0.0,0.019439697265625,0.04833984375,3.99609375,0.0,0.0,0.0,0.0,0.0,0.0,0.0
0.02313232421875,-0.0047607421875,0.0,0.0,0.019439697265625,0.04833984375,3.99609375,0.0,0.0,0.0,0.0,0.0,0.0,0.0
0.010498046875,-0.000518798828125,0.0,0.0,0.019439697265625,0.04833984375,3.99609375,0.0,0.0,0.0,0.0,0.0,0.0,0.0
-0.00225830078125,0.00665283203125,0.0,0.0,0.019439697265625,0.04833984375,3.99609375,0.0,0.0,0.0,0.0,0.0,0.0,0.0
-0.11883544921875,0.04498291015625,0.0,0.0,0.019439697265625,0.04833984375,3.99609375,0.0,0.0,0.0,0.0,0.0,0.0,0.0
-0.181854248046875,0.054962158203125,0.0,0.0,0.019439697265625,0.04833984375,3.99609375,0.0,0.0,0.0,0.0,0.0,0.0,0.0
-0.19219970703125,0.057220458984375,0.0,0.0,0.019439697265625,0.04833984375,3.99609375,0.0,0.0,0.0,0.0,0.0,0.0,0.0
0.052825927734375,0.039306640625,0.0,0.0,0.019439697265625,0.04833984375,3.99609375,0.0,0.0,0.0,0.0,0.0,0.0,0.0
0.0506591796875,0.016143798828125,0.0,0.0,0.019439697265625,0.04833984375,3.99609375,0.0,0.0,0.0,0.0,0.0,0.0,0.0
0.048553466796875,0.01287841796875,0.0,0.0,0.019439697265625,0.04833984375,3.99609375,0.0,0.0,0.0,0.0,0.0,0.0,0.0
0.048553466796875,0.010101318359375,0.0,0.0,0.019439697265625,0.04833984375,3.99609375,0.0,0.0,0.0,0.0,0.0,0.0,0.0
0.048553466796875,0.010101318359375,0.0,0.0,0.019439697265625,0.04833984375,3.99609375,0.0,0.0,0.0,0.0,0.0,0.0,0.0
0.048553466796875,0.010101318359375,0.0,0.0,0.019439697265625,0.04833984375,3.99609375,0.0,0.0,0.0,0.0,0.0,0.0,0.0
0.048553466796875,0.010101318359375,0.0,0.0,0.019439697265625,0.04833984375,3.99609375,0.0,0.0,0.0,0.0,0.0,0.0,0.0
0.048553466796875,0.010101318359375,0.0,0.0,0.019439697265625,0.04833984375,3.99609375,0.0,0.0,0.0,0.0,0.0,0.0,0.0
0.048553466796875,0.010101318359375,0.0,0.0,0.019439697265625,0.04833984375,3.99609375,0.0,0.0,0.0,0.0,0.0,0.0,0.0
0.048553466796875,0.010101318359375,0.0,1.0,0.019439697265625,0.04833984375,3.99609375,0.0,0.0,0.0,0.0,0.0,0.0,0.0
0.0462646484375,0.012176513671875,0.0,1.0,0.019439697265625,0.04833984375,3.99609375,0.0,0.0,0.0,0.0,0.0,0.0,0.0
0.041168212890625,-0.00567626953125,0.0,1.0,0.019439697265625,0.04833984375,3.99609375,0.0,0.0,0.0,0.0,0.0,0.0,0.0
0.0391845703125,-0.0479736328125,0.0,1.0,0.019439697265625,0.04833984375,3.99609375,0.0,0.0,0.0,0.0,0.0,0.0,0.0
0.03466796875,-0.096282958984375,0.0,1.0,0.019439697265625,0.04833984375,3.99609375,0.0,0.0,0.0,0.0,0.0,0.0,0.0
0.029022216796875,-0.168670654296875,0.0,1.0,0.019439697265625,0.04833984375,3.99609375,0.0,0.0,0.0,0.0,0.0,0.0,0.0
0.00909423828125,-0.19537353515625,0.0,1.0,0.019439697265625,0.04833984375,3.99609375,0.0,0.0,0.0,0.0,0.0,0.0,0.0
0.000274658203125,-0.206695556640625,0.0,1.0,0.019439697265625,0.04833984375,3.99609375,0.0,0.0,0.0,0.0,0.0,0.0,0.0
-0.001953125,-0.206695556640625,0.0,1.0,0.019439697265625,0.04833984375,3.99609375,0.0,0.0,0.0,0.0,0.0,0.0,0.0
-0.001953125,-0.209564208984375,0.0,1.0,0.019439697265625,0.04833984375,3.99609375,0.0,0.0,0.0,0.0,0.0,0.0,0.0
-0.003936767578125,-0.22369384765625,0.0,1.0,0.019439697265625,0.04833984375,3.99609375,0.0,0.0,0.0,0.0,0.0,0.0,0.0
-0.003936767578125,-0.22650146484375,0.0,1.0,0.019439697265625,0.04833984375,3.99609375,0.0,0.0,0.0,0.0,0.0,0.0,0.0
-0.01904296875,-0.24127197265625,0.0,1.0,0.019439697265625,0.04833984375,3.99609375,0.0,0.0,0.0,0.0,0.0,0.0,0.0
-0.080108642578125,-0.312103271484375,0.0,1.0,0.019439697265625,0.04833984375,3.99609375,0.0,0.0,0.0,0.0,0.0,0.0,0.0
-0.09454345703125,-0.341339111328125,0.0,1.0,0.019439697265625,0.04833984375,3.99609375,0.0,0.0,0.0,0.0,0.0,0.0,0.0
-0.096527099609375,-0.3448486328125,0.0,1.0,0.019439697265625,0.04833984375,3.99609375,0.0,0.0,0.0,0.0,0.0,0.0,0.0
-0.096527099609375,-0.3448486328125,0.0,1.0,0.019439697265625,0.04833984375,3.99609375,0.0,0.0,0.0,0.0,0.0,0.0,0.0
-0.096527099609375,-0.34759521484375,0.0,1.0,0.019439697265625,0.04833984375,3.99609375,0.0,0.0,0.0,0.0,0.0,0.0,0.0
-0.096527099609375,-0.34759521484375,0.0,1.0,0.019439697265625,0.04833984375,3.99609375,0.0,0.0,0.0,0.0,0.0,0.0,0.0
-0.096527099609375,-0.34759521484375,0.0,1.0,0.019439697265625,0.04833984375,3.99609375,0.0,0.0,0.0,0.0,0.0,0.0,0.0
-0.096527099609375,-0.34759521484375,0.0,1.0,0.019439697265625,0.04833984375,3.99609375,0.0,0.0,0.0,0.0,0.0,0.0,0.0
-0.096527099609375,-0.34759521484375,0.0,1.0,0.019439697265625,0.04833984375,3.99609375,0.0,0.0,0.0,0.0,0.0,0.0,0.0
-0.096527099609375,-0.3233642578125,0.0,1.0,0.019439697265625,0.04833984375,3.99609375,0.0,0.0,0.0,0.0,0.0,0.0,0.0
-0.096527099609375,-0.27899169921875,0.0,1.0,0.019439697265625,0.04833984375,3.99609375,0.0,0.0,0.0,0.0,0.0,0.0,0.0
-0.096527099609375,-0.19140625,0.0,1.0,0.019439697265625,0.04833984375,3.99609375,0.0,0.0,0.0,0.0,0.0,0.0,0.0
-0.0374755859375,-0.068695068359375,0.0,1.0,0.019439697265625,0.04833984375,3.99609375,0.0,0.0,0.0,0.0,0.0,0.0,0.0
0.0220947265625,-0.03143310546875,0.0,0.0,0.019439697265625,0.04833984375,3.99609375,0.0,0.0,0.0,0.0,0.0,0.0,0.0
0.035552978515625,-0.0244140625,0.0,0.0,0.019439697265625,0.04833984375,3.99609375,0.0,0.0,0.0,0.0,0.0,0.0,0.0
0.032440185546875,-0.0244140625,0.0,0.0,0.019439697265625,0.04833984375,3.99609375,0.0,0.0,0.0,0.0,0.0,0.0,0.0
0.027099609375,-0.037841796875,0.0,0.0,0.019439697265625,0.04833984375,3.99609375,0.0,0.0,0.0,0.0,0.0,0.0,0.0
-0.00286865234375,-0.0684814453125,0.0,0.0,0.019439697265625,0.04833984375,3.99609375,0.0,0.0,0.0,0.0,0.0,0.0,0.0
-0.0738525390625,-0.15899658203125,0.0,0.0,0.019439697265625,0.04833984375,3.99609375,0.0,0.0,0.0,0.0,0.0,0.0,0.0
-0.141632080078125,-0.22833251953125,0.0,0.0,0.019439697265625,0.04833984375,3.99609375,0.0,0.0,0.0,0.0,0.0,0.0,0.0
-0.196868896484375,-0.317138671875,0.0,0.0,0.019439697265625,0.04833984375,3.99609375,0.0,0.0,0.0,0.0,0.0,0.0,0.0
-0.22412109375,-0.30859375,0.0,0.0,0.019439697265625,0.04833984375,3.99609375,0.0,0.0,0.0,0.0,0.0,0.0,0.0
-0.120391845703125,-0.1612548828125,0.0,0.0,0.019439697265625,0.04833984375,3.99609375,0.0,0.0,0.0,0.0,0.0,0.0,0.0
0.00689697265625,-0.060821533203125,0.0,0.0,0.019439697265625,0.04833984375,3.99609375,0.0,0.0,0.0,0.0,0.0,0.0,0.0
0.02655029296875,-0.04296875,0.0,0.0,0.019439697265625,0.04833984375,3.99609375,0.0,0.0,0.0,0.0,0.0,0.0,0.0
0.032745361328125,-0.0408935546875,0.0,0.0,0.019439697265625,0.04833984375,3.99609375,0.0,0.0,0.0,0.0,0.0,0.0,0.0
0.032745361328125,0.010345458984375,0.0,0.0,0.019439697265625,0.04833984375,3.99609375,0.0,0.0,0.0,0.0,0.0,0.0,0.0
0.032745361328125,0.0361328125,0.0,0.0,0.019439697265625,0.04833984375,3.99609375,0.0,0.0,0.0,0.0,0.0,0.0,0.0
0.04278564453125,0.0361328125,0.0,0.0,0.019439697265625,0.04833984375,3.99609375,0.0,0.0,0.0,0.0,0.0,0.0,0.0
0.04278564453125,0.0361328125,0.0,0.0,0.019439697265625,0.04833984375,3.99609375,0.0,0.0,0.0,0.0,0.0,0.0,0.0
0.0457763671875,0.1512451171875,0.0,0.0,0.019439697265625,0.04833984375,3.99609375,0.0,0.0,0.0,0.0,0.0,0.0,0.0
0.0457763671875,0.3446044921875,0.0,0.0,0.019439697265625,0.04833984375,3.99609375,0.0,0.0,0.0,0.0,0.0,0.0,0.0
0.0457763671875,0.056976318359375,0.0,0.0,0.019439697265625,0.04833984375,3.99609375,0.0,0.0,0.0,0.0,0.0,0.0,0.0
0.0457763671875,0.050048828125,0.0,0.0,0.019439697265625,0.04833984375,3.99609375,0.0,0.0,0.0,0.0,0.0,0.0,0.0
0.0457763671875,0.044342041015625,0.0,0.0,0.019439697265625,0.04833984375,3.99609375,0.0,0.0,0.0,0.0,0.0,0.0,0.0
-0.019927978515625,0.365814208984375,0.0,0.0,0.019439697265625,0.04833984375,3.99609375,0.0,0.0,0.0,0.0,0.0,0.0,0.0
-0.129241943359375,0.787506103515625,0.0,0.0,0.019439697265625,0.04833984375,3.99609375,0.0,0.0,0.0,0.0,0.0,0.0,0.0
0.012969970703125,-0.021484375,0.0,0.0,0.019439697265625,0.04833984375,3.99609375,0.0,0.0,0.0,0.0,0.0,0.0,0.0
0.05126953125,-0.01171875,0.0,0.0,0.019439697265625,0.04833984375,3.99609375,0.0,0.0,0.0,0.0,0.0,0.0,0.0
0.0577392578125,-0.0096435546875,0.0,0.0,0.019439697265625,0.04833984375,3.99609375,0.0,0.0,0.0,0.0,0.0,0.0,0.0
0.0577392578125,-0.0096435546875,0.0,0.0,0.019439697265625,0.04833984375,3.99609375,0.0,0.0,0.0,0.0,0.0,0.0,0.0
0.0577392578125,-0.0096435546875,0.0,0.0,0.019439697265625,0.04833984375,3.99609375,0.0,0.0,0.0,0.0,0.0,0.0,0.0
0.035858154296875,0.049163818359375,0.0,0.0,0.019439697265625,0.04833984375,3.99609375,0.0,0.0,0.0,0.0,0.0,0.0,0.0
-0.01043701171875,0.116729736328125,0.0,0.0,0.019439697265625,0.04833984375,3.99609375,0.0,0.0,0.0,0.0,0.0,0.0,0.0
-0.065460205078125,0.284576416015625,0.0,0.0,0.019439697265625,0.04833984375,3.99609375,0.0,0.0,0.0,0.0,0.0,0.0,0.0
-0.079864501953125,0.339447021484375,0.0,0.0,0.019439697265625,0.04833984375,3.99609375,0.0,0.0,0.0,0.0,0.0,0.0,0.0
-0.0819091796875,0.344207763671875,0.0,0.0,0.019439697265625,0.04833984375,3.99609375,0.0,0.0,0.0,0.0,0.0,0.0,0.0
0.04229736328125,-0.00213623046875,0.0,0.0,0.019439697265625,0.04833984375,3.99609375,0.0,0.0,0.0,0.0,0.0,0.0,0.0
0.05755615234375,-0.008331298828125,0.0,0.0,0.019439697265625,0.04833984375,3.99609375,0.0,0.0,0.0,0.0,0.0,0.0,0.0
0.060455322265625,-0.008331298828125,0.0,0.0,0.019439697265625,0.04833984375,3.99609375,0.0,0.0,0.0,0.0,0.0,0.0,0.0
0.060455322265625,-0.008331298828125,0.0,0.0,0.019439697265625,0.04833984375,3.99609375,0.0,0.0,0.0,0.0,0.0,0.0,0.0
0.060455322265625,-0.008331298828125,0.0,0.0,0.019439697265625,0.04833984375,3.99609375,0.0,0.0,0.0,0.0,0.0,0.0,0.0
0.060455322265625,-0.011199951171875,0.0,0.0,0.019439697265625,0.04833984375,3.99609375,0.0,0.0,0.0,0.0,0.0,0.0,0.0
0.060455322265625,-0.011199951171875,0.0,1.0,0.019439697265625,0.04833984375,3.99609375,0.0,0.0,0.0,0.0,0.0,0.0,0.0
0.060455322265625,-0.011199951171875,0.0,1.0,0.019439697265625,0.04833984375,3.99609375,0.0,0.0,0.0,0.0,0.0,0.0,0.0
0.060455322265625,-0.011199951171875,0.0,1.0,0.019439697265625,0.04833984375,3.99609375,0.0,0.0,0.0,0.0,0.0,0.0,0.0
0.045654296875,-0.0235595703125,0.0,1.0,0.019439697265625,0.04833984375,3.99609375,0.0,0.0,0.0,0.0,0.0,0.0,0.0
0.025634765625,-0.086151123046875,0.0,1.0,0.019439697265625,0.04833984375,3.99609375,0.0,0.0,0.0,0.0,0.0,0.0,0.0
-0.0421142578125,-0.195770263671875,0.0,1.0,0.019439697265625,0.04833984375,3.99609375,0.0,0.0,0.0,0.0,0.0,0.0,0.0
-0.116241455078125,-0.32391357421875,0.0,1.0,0.019439697265625,0.04833984375,3.99609375,0.0,0.0,0.0,0.0,0.0,0.0,0.0
-0.16790771484375,-0.388885498046875,0.0,1.0,0.019439697265625,0.04833984375,3.99609375,0.0,0.0,0.0,0.0,0.0,0.0,0.0
-0.18756103515625,-0.4205322265625,0.0,1.0,0.019439697265625,0.04833984375,3.99609375,0.0,0.0,0.0,0.0,0.0,0.0,0.0
-0.21624755859375,-0.493560791015625,0.0,1.0,0.019439697265625,0.04833984375,3.99609375,0.0,0.0,0.0,0.0,0.0,0.0,0.0
-0.22369384765625,-0.49884033203125,0.0,1.0,0.019439697265625,0.04833984375,3.99609375,0.0,0.0,0.0,0.0,0.0,0.0,0.0
-0.225677490234375,-0.4464111328125,0.0,1.0,0.019439697265625,0.04833984375,3.99609375,0.0,0.0,0.0,0.0,0.0,0.0,0.0
-0.225677490234375,-0.4266357421875,0.0,1.0,0.019439697265625,0.04833984375,3.99609375,0.0,0.0,0.0,0.0,0.0,0.0,0.0
-0.225677490234375,-0.363037109375,0.0,1.0,0.019439697265625,0.04833984375,3.99609375,0.0,0.0,0.0,0.0,0.0,0.0,0.0
-0.2398681640625,-0.3006591796875,0.0,1.0,0.019439697265625,0.04833984375,3.99609375,0.0,0.0,0.0,0.0,0.0,0.0,0.0
-0.2930908203125,-0.27325439453125,0.0,1.0,0.019439697265625,0.04833984375,3.99609375,0.0,0.0,0.0,0.0,0.0,0.0,0.0
-0.341522216796875,-0.259521484375,0.0,1.0,0.019439697265625,0.04833984375,3.99609375,0.0,0.0,0.0,0.0,0.0,0.0,0.0
-0.3768310546875,-0.255279541015625,0.0,1.0,0.019439697265625,0.04833984375,3.99609375,0.0,0.0,0.0,0.0,0.0,0.0,0.0
-0.38916015625,-0.255279541015625,0.0,1.0,0.019439697265625,0.04833984375,3.99609375,0.0,0.0,0.0,0.0,0.0,0.0,0.0
-0.402374267578125,-0.25067138671875,0.0,1.0,0.019439697265625,0.04833984375,3.99609375,0.0,0.0,0.0,0.0,0.0,0.0,0.0
-0.419403076171875,-0.239654541015625,0.0,1.0,0.019439697265625,0.04833984375,3.99609375,0.0,0.0,0.0,0.0,0.0,0.0,0.0
-0.42169189453125,-0.221038818359375,0.0,1.0,0.019439697265625,0.04833984375,3.99609375,0.0,0.0,0.0,0.0,0.0,0.0,0.0
-0.42169189453125,-0.21185302734375,0.0,1.0,0.019439697265625,0.04833984375,3.99609375,0.0,0.0,0.0,0.0,0.0,0.0,0.0
-0.42169189453125,-0.21185302734375,0.0,1.0,0.019439697265625,0.04833984375,3.99609375,0.0,0.0,0.0,0.0,0.0,0.0,0.0
-0.4285888671875,-0.21185302734375,0.0,1.0,0.019439697265625,0.04833984375,3.99609375,0.0,0.0,0.0,0.0,0.0,0.0,0.0
-0.438995361328125,-0.21185302734375,0.0,1.0,0.019439697265625,0.04833984375,3.99609375,0.0,0.0,0.0,0.0,0.0,0.0,0.0
-0.46441650390625,-0.21490478515625,0.0,1.0,0.019439697265625,0.04833984375,3.99609375,0.0,0.0,0.0,0.0,0.0,0.0,0.0
-0.518646240234375,-0.2403564453125,0.0,1.0,0.019439697265625,0.04833984375,3.99609375,0.0,0.0,0.0,0.0,0.0,0.0,0.0
-0.53802490234375,-0.250457763671875,0.0,1.0,0.019439697265625,0.04833984375,3.99609375,0.0,0.0,0.0,0.0,0.0,0.0,0.0
-0.515960693359375,-0.17388916015625,0.0,1.0,0.019439697265625,0.04833984375,3.99609375,0.0,0.0,0.0,0.0,0.0,0.0,0.0
-0.491485595703125,-0.099822998046875,0.0,1.0,0.019439697265625,0.04833984375,3.99609375,0.0,0.0,0.0,0.0,0.0,0.0,0.0
-0.494598388671875,-0.010040283203125,0.0,1.0,0.019439697265625,0.04833984375,3.99609375,0.0,0.0,0.0,0.0,0.0,0.0,0.0
-0.675872802734375,0.048492431640625,0.0,1.0,0.019439697265625,0.04833984375,3.99609375,0.0,0.0,0.0,0.0,0.0,0.0,0.0
-0.78741455078125,-0.0098876953125,0.0,1.0,0.019439697265625,0.04833984375,3.99609375,0.0,0.0,0.0,0.0,0.0,0.0,0.0
-0.36029052734375,-0.127288818359375,0.0,1.0,0.019439697265625,0.04833984375,3.99609375,0.0,0.0,0.0,0.0,0.0,0.0,0.0
0.0213623046875,-0.055328369140625,0.0,1.0,0.019439697265625,0.04833984375,3.99609375,0.0,0.0,0.0,0.0,0.0,0.0,0.0
0.032196044921875,-0.04766845703125,0.0,1.0,0.019439697265625,0.04833984375,3.99609375,0.0,0.0,0.0,0.0,0.0,0.0,0.0
-0.0584716796875,-0.177215576171875,0.0,1.0,0.019439697265625,0.04833984375,3.99609375,0.0,0.0,0.0,0.0,0.0,0.0,0.0
-0.213043212890625,-0.3369140625,0.0,1.0,0.019439697265625,0.04833984375,3.99609375,0.0,0.0,0.0,0.0,0.0,0.0,0.0
-0.307373046875,-0.46466064453125,0.0,1.0,0.019439697265625,0.04833984375,3.99609375,0.0,0.0,0.0,0.0,0.0,0.0,0.0
-0.3193359375,-0.50067138671875,0.0,1.0,0.019439697265625,0.04833984375,3.99609375,0.0,0.0,0.0,0.0,0.0,0.0,0.0
-0.31597900390625,-0.526123046875,0.0,1.0,0.019439697265625,0.04833984375,3.99609375,0.0,0.0,0.0,0.0,0.0,0.0,0.0
-0.249114990234375,-0.53997802734375,0.0,1.0,0.019439697265625,0.04833984375,3.99609375,0.0,0.0,0.0,0.0,0.0,0.0,0.0
0.008392333984375,-0.12506103515625,0.0,1.0,0.019439697265625,0.04833984375,3.99609375,0.0,0.0,0.0,0.0,0.0,0.0,0.0
0.048675537109375,-0.055908203125,0.0,1.0,0.019439697265625,0.04833984375,3.99609375,0.0,0.0,0.0,0.0,0.0,0.0,0.0
0.052398681640625,-0.045440673828125,0.0,0.0,0.019439697265625,0.04833984375,3.99609375,0.0,0.0,0.0,0.0,0.0,0.0,0.0
0.055511474609375,-0.043548583984375,0.0,0.0,0.019439697265625,0.04833984375,3.99609375,0.0,0.0,0.0,0.0,0.0,0.0,0.0
0.055511474609375,-0.069091796875,0.0,0.0,0.019439697265625,0.04833984375,3.99609375,0.0,0.0,0.0,0.0,0.0,0.0,0.0
0.024017333984375,-0.24017333984375,0.0,0.0,0.019439697265625,0.04833984375,3.99609375,0.0,0.0,0.0,0.0,0.0,0.0,0.0
-0.0592041015625,-0.40008544921875,0.0,0.0,0.019439697265625,0.04833984375,3.99609375,0.0,0.0,0.0,0.0,0.0,0.0,0.0
-0.07421875,-0.454681396484375,0.0,0.0,0.019439697265625,0.04833984375,3.99609375,0.0,0.0,0.0,0.0,0.0,0.0,0.0
-0.07867431640625,-0.481781005859375,0.0,0.0,0.019439697265625,0.04833984375,3.99609375,0.0,0.0,0.0,0.0,0.0,0.0,0.0
-0.07867431640625,-0.49676513671875,0.0,0.0,0.019439697265625,0.04833984375,3.99609375,0.0,0.0,0.0,0.0,0.0,0.0,0.0
-0.07867431640625,-0.503143310546875,0.0,0.0,0.019439697265625,0.04833984375,3.99609375,0.0,0.0,0.0,0.0,0.0,0.0,0.0
-0.07867431640625,-0.465240478515625,0.0,0.0,0.019439697265625,0.04833984375,3.99609375,0.0,0.0,0.0,0.0,0.0,0.0,0.0
-0.05389404296875,-0.303009033203125,0.0,0.0,0.019439697265625,0.04833984375,3.99609375,0.0,0.0,0.0,0.0,0.0,0.0,0.0
-0.046142578125,-0.262298583984375,0.0,0.0,0.019439697265625,0.04833984375,3.99609375,0.0,0.0,0.0,0.0,0.0,0.0,0.0
-0.0430908203125,-0.315765380859375,0.0,0.0,0.019439697265625,0.04833984375,3.99609375,0.0,0.0,0.0,0.0,0.0,0.0,0.0
0.01812744140625,-0.3358154296875,0.0,0.0,0.019439697265625,0.04833984375,3.99609375,0.0,0.0,0.0,0.0,0.0,0.0,0.0
0.120330810546875,-0.231781005859375,0.0,0.0,0.019439697265625,0.04833984375,3.99609375,0.0,0.0,0.0,0.0,0.0,0.0,0.0
0.1517333984375,-0.198883056640625,0.0,0.0,0.019439697265625,0.04833984375,3.99609375,0.0,0.0,0.0,0.0,0.0,0.0,0.0
0.1556396484375,-0.19647216796875,0.0,0.0,0.019439697265625,0.04833984375,3.99609375,0.0,0.0,0.0,0.0,0.0,0.0,0.0
0.15869140625,-0.12579345703125,0.0,0.0,0.019439697265625,0.04833984375,3.99609375,0.0,0.0,0.0,0.0,0.0,0.0,0.0
0.15869140625,-0.034454345703125,0.0,0.0,0.019439697265625,0.04833984375,3.99609375,0.0,0.0,0.0,0.0,0.0,0.0,0.0
0.15869140625,0.0421142578125,0.0,0.0,0.019439697265625,0.04833984375,3.99609375,0.0,0.0,0.0,0.0,0.0,0.0,0.0
0.15869140625,0.054931640625,0.0,0.0,0.019439697265625,0.04833984375,3.99609375,0.0,0.0,0.0,0.0,0.0,0.0,0.0
0.15869140625,0.05963134765625,0.0,0.0,0.019439697265625,0.04833984375,3.99609375,0.0,0.0,0.0,0.0,0.0,0.0,0.0
0.15869140625,0.05963134765625,0.0,0.0,0.019439697265625,0.04833984375,3.99609375,0.0,0.0,0.0,0.0,0.0,0.0,0.0
0.132354736328125,0.05963134765625,0.0,0.0,0.019439697265625,0.04833984375,3.99609375,0.0,0.0,0.0,0.0,0.0,0.0,0.0
0.0911865234375,-0.013214111328125,0.0,0.0,0.019439697265625,0.04833984375,3.99609375,0.0,0.0,0.0,0.0,0.0,0.0,0.0
0.0543212890625,-0.09100341796875,0.0,0.0,0.019439697265625,0.04833984375,3.99609375,0.0,0.0,0.0,0.0,0.0,0.0,0.0
0.043853759765625,-0.10540771484375,0.0,0.0,0.019439697265625,0.04833984375,3.99609375,0.0,0.0,0.0,0.0,0.0,0.0,0.0
0.043853759765625,-0.100189208984375,0.0,0.0,0.019439697265625,0.04833984375,3.99609375,0.0,0.0,0.0,0.0,0.0,0.0,0.0
0.04180908203125,-0.097930908203125,0.0,0.0,0.019439697265625,0.04833984375,3.99609375,0.0,0.0,0.0,0.0,0.0,0.0,0.0
0.04180908203125,-0.096038818359375,0.0,0.0,0.019439697265625,0.04833984375,3.99609375,0.0,0.0,0.0,0.0,0.0,0.0,0.0
0.044891357421875,-0.087310791015625,0.0,0.0,0.019439697265625,0.04833984375,3.99609375,0.0,0.0,0.0,0.0,0.0,0.0,0.0
0.063934326171875,-0.08489990234375,0.0,0.0,0.019439697265625,0.04833984375,3.99609375,0.0,0.0,0.0,0.0,0.0,0.0,0.0
0.1031494140625,-0.063232421875,0.0,0.0,0.019439697265625,0.04833984375,3.99609375,0.0,0.0,0.0,0.0,0.0,0.0,0.0
0.11431884765625,-0.0556640625,0.0,0.0,0.019439697265625,0.04833984375,3.99609375,0.0,0.0,0.0,0.0,0.0,0.0,0.0
0.117462158203125,-0.045562744140625,0.0,0.0,0.019439697265625,0.04833984375,3.99609375,0.0,0.0,0.0,0.0,0.0,0.0,0.0
0.0904541015625,-0.029815673828125,0.0,0.0,0.019439697265625,0.04833984375,3.99609375,0.0,0.0,0.0,0.0,0.0,0.0,0.0
0.048492431640625,0.000457763671875,0.0,0.0,0.019439697265625,0.04833984375,3.99609375,0.0,0.0,0.0,0.0,0.0,0.0,0.0
0.04302978515625,0.002532958984375,0.0,0.0,0.019439697265625,0.04833984375,3.99609375,0.0,0.0,0.0,0.0,0.0,0.0,0.0
0.04974365234375,-0.02435302734375,0.0,0.0,0.019439697265625,0.04833984375,3.99609375,0.0,0.0,0.0,0.0,0.0,0.0,0.0
0.053314208984375,-0.1505126953125,0.0,0.0,0.019439697265625,0.04833984375,3.99609375,0.0,0.0,0.0,0.0,0.0,0.0,0.0
0.05096435546875,-0.27728271484375,0.0,0.0,0.019439697265625,0.04833984375,3.99609375,0.0,0.0,0.0,0.0,0.0,0.0,0.0
0.048553466796875,-0.3233642578125,0.0,0.0,0.019439697265625,0.04833984375,3.99609375,0.0,0.0,0.0,0.0,0.0,0.0,0.0
0.115997314453125,-0.2518310546875,0.0,0.0,0.019439697265625,0.04833984375,3.99609375,0.0,0.0,0.0,0.0,0.0,0.0,0.0
0.13916015625,-0.18865966796875,0.0,0.0,0.019439697265625,0.04833984375,3.99609375,0.0,0.0,0.0,0.0,0.0,0.0,0.0
0.121795654296875,-0.059173583984375,0.0,0.0,0.019439697265625,0.04833984375,3.99609375,0.0,0.0,0.0,0.0,0.0,0.0,0.0
0.11419677734375,-0.040679931640625,0.0,0.0,0.019439697265625,0.04833984375,3.99609375,0.0,0.0,0.0,0.0,0.0,0.0,0.0
0.11419677734375,0.016937255859375,0.0,0.0,0.019439697265625,0.04833984375,3.99609375,0.0,0.0,0.0,0.0,0.0,0.0,0.0
0.27557373046875,0.17889404296875,0.0,0.0,0.019439697265625,0.04833984375,3.99609375,0.0,0.0,0.0,0.0,0.0,0.0,0.0
0.407073974609375,0.37384033203125,0.0,0.0,0.019439697265625,0.04833984375,3.99609375,0.0,0.0,0.0,0.0,0.0,0.0,0.0
0.06573486328125,0.025390625,0.0,0.0,0.019439697265625,0.04833984375,3.99609375,0.0,0.0,0.0,0.0,0.0,0.0,0.0
0.05816650390625,0.00958251953125,0.0,0.0,0.019439697265625,0.04833984375,3.99609375,0.0,0.0,0.0,0.0,0.0,0.0,0.0
0.05816650390625,0.00396728515625,0.0,0.0,0.019439697265625,0.04833984375,3.99609375,0.0,0.0,0.0,0.0,0.0,0.0,0.0
0.04278564453125,0.056884765625,0.0,0.0,0.019439697265625,0.04833984375,3.99609375,0.0,0.0,0.0,0.0,0.0,0.0,0.0
-0.065216064453125,0.67352294921875,0.0,0.0,0.019439697265625,0.04833984375,3.99609375,0.0,0.0,0.0,0.0,0.0,0.0,0.0
-0.0794677734375,0.74609375,0.0,0.0,0.019439697265625,0.04833984375,3.99609375,0.0,0.0,0.0,0.0,0.0,0.0,0.0
0.039398193359375,-0.01654052734375,0.0,0.0,0.019439697265625,0.04833984375,3.99609375,0.0,0.0,0.0,0.0,0.0,0.0,0.0
0.05389404296875,-0.01654052734375,0.0,0.0,0.019439697265625,0.04833984375,3.99609375,0.0,0.0,0.0,0.0,0.0,0.0,0.0
0.056976318359375,-0.01654052734375,0.0,0.0,0.019439697265625,0.04833984375,3.99609375,0.0,0.0,0.0,0.0,0.0,0.0,0.0
0.056976318359375,-0.014312744140625,0.0,0.0,0.019439697265625,0.04833984375,3.99609375,0.0,0.0,0.0,0.0,0.0,0.0,0.0
0.056976318359375,-0.014312744140625,0.0,0.0,0.019439697265625,0.04833984375,3.99609375,0.0,0.0,0.0,0.0,0.0,0.0,0.0
0.056976318359375,-0.014312744140625,0.0,0.0,0.019439697265625,0.04833984375,3.99609375,0.0,0.0,0.0,0.0,0.0,0.0,0.0
0.056976318359375,-0.014312744140625,0.0,1.0,0.019439697265625,0.04833984375,3.99609375,0.0,0.0,0.0,0.0,0.0,0.0,0.0
0.056976318359375,-0.014312744140625,0.0,1.0,0.019439697265625,0.04833984375,3.99609375,0.0,0.0,0.0,0.0,0.0,0.0,0.0
0.056976318359375,-0.014312744140625,0.0,1.0,0.019439697265625,0.04833984375,3.99609375,0.0,0.0,0.0,0.0,0.0,0.0,0.0
0.045654296875,0.010345458984375,0.0,1.0,0.019439697265625,0.04833984375,3.99609375,0.0,0.0,0.0,0.0,0.0,0.0,0.0
-0.051483154296875,0.0799560546875,0.0,1.0,0.019439697265625,0.04833984375,3.99609375,0.0,0.0,0.0,0.0,0.0,0.0,0.0
-0.11474609375,0.191009521484375,0.0,1.0,0.019439697265625,0.04833984375,3.99609375,0.0,0.0,0.0,0.0,0.0,0.0,0.0
-0.17462158203125,0.242401123046875,0.0,1.0,0.019439697265625,0.04833984375,3.99609375,0.0,0.0,0.0,0.0,0.0,0.0,0.0
-0.189666748046875,0.294158935546875,0.0,1.0,0.019439697265625,0.04833984375,3.99609375,0.0,0.0,0.0,0.0,0.0,0.0,0.0
-0.19207763671875,0.298828125,0.0,1.0,0.019439697265625,0.04833984375,3.99609375,0.0,0.0,0.0,0.0,0.0,0.0,0.0
-0.194366455078125,0.301910400390625,0.0,1.0,0.019439697265625,0.04833984375,3.99609375,0.0,0.0,0.0,0.0,0.0,0.0,0.0
-0.0257568359375,0.066864013671875,0.0,1.0,0.019439697265625,0.04833984375,3.99609375,0.0,0.0,0.0,0.0,0.0,0.0,0.0
0.031005859375,-0.010009765625,0.0,1.0,0.019439697265625,0.04833984375,3.99609375,0.0,0.0,0.0,0.0,0.0,0.0,0.0
0.0311279296875,0.01177978515625,0.0,1.0,0.019439697265625,0.04833984375,3.99609375,0.0,0.0,0.0,0.0,0.0,0.0,0.0
-0.088287353515625,0.121612548828125,0.0,1.0,0.019439697265625,0.04833984375,3.99609375,0.0,0.0,0.0,0.0,0.0,0.0,0.0
-0.02996826171875,0.01654052734375,0.0,1.0,0.019439697265625,0.04833984375,3.99609375,0.0,0.0,0.0,0.0,0.0,0.0,0.0
0.028839111328125,-0.02923583984375,0.0,1.0,0.019439697265625,0.04833984375,3.99609375,0.0,0.0,0.0,0.0,0.0,0.0,0.0
0.036834716796875,-0.035614013671875,0.0,1.0,0.019439697265625,0.04833984375,3.99609375,0.0,0.0,0.0,0.0,0.0,0.0,0.0
0.039703369140625,-0.035614013671875,0.0,1.0,0.019439697265625,0.04833984375,3.99609375,0.0,0.0,0.0,0.0,0.0,0.0,0.0
0.039703369140625,-0.038360595703125,0.0,1.0,0.019439697265625,0.04833984375,3.99609375,0.0,0.0,0.0,0.0,0.0,0.0,0.0
0.039703369140625,-0.038360595703125,0.0,1.0,0.019439697265625,0.04833984375,3.99609375,0.0,0.0,0.0,0.0,0.0,0.0,0.0
0.045654296875,-0.07501220703125,0.0,1.0,0.019439697265625,0.04833984375,3.99609375,0.0,0.0,0.0,0.0,0.0,0.0,0.0
0.045654296875,-0.150970458984375,0.0,1.0,0.019439697265625,0.04833984375,3.99609375,0.0,0.0,0.0,0.0,0.0,0.0,0.0
0.045654296875,-0.227081298828125,0.0,1.0,0.019439697265625,0.04833984375,3.99609375,0.0,0.0,0.0,0.0,0.0,0.0,0.0
0.045654296875,-0.2637939453125,0.0,1.0,0.019439697265625,0.04833984375,3.99609375,0.0,0.0,0.0,0.0,0.0,0.0,0.0
0.045654296875,-0.280670166015625,0.0,1.0,0.019439697265625,0.04833984375,3.99609375,0.0,0.0,0.0,0.0,0.0,0.0,0.0
0.05401611328125,-0.11834716796875,0.0,0.0,0.019439697265625,0.04833984375,3.99609375,0.0,0.0,0.0,0.0,0.0,0.0,0.0
0.056915283203125,-0.05584716796875,0.0,0.0,0.019439697265625,0.04833984375,3.99609375,0.0,0.0,0.0,0.0,0.0,0.0,0.0
0.056915283203125,-0.046142578125,0.0,0.0,0.019439697265625,0.04833984375,3.99609375,0.0,0.0,0.0,0.0,0.0,0.0,0.0
0.056915283203125,-0.047332763671875,0.0,0.0,0.019439697265625,0.04833984375,3.99609375,0.0,0.0,0.0,0.0,0.0,0.0,0.0
0.04583740234375,-0.12615966796875,0.0,0.0,0.019439697265625,0.04833984375,3.99609375,0.0,0.0,0.0,0.0,0.0,0.0,0.0
-0.05078125,-0.31243896484375,0.0,0.0,0.019439697265625,0.04833984375,3.99609375,0.0,0.0,0.0,0.0,0.0,0.0,0.0
-0.077484130859375,-0.442901611328125,0.0,0.0,0.019439697265625,0.04833984375,3.99609375,0.0,0.0,0.0,0.0,0.0,0.0,0.0
-0.0625,-0.396942138671875,0.0,0.0,0.019439697265625,0.04833984375,3.99609375,0.0,0.0,0.0,0.0,0.0,0.0,0.0
0.027435302734375,-0.035675048828125,0.0,0.0,0.019439697265625,0.04833984375,3.99609375,0.0,0.0,0.0,0.0,0.0,0.0,0.0
0.04229736328125,-0.028076171875,0.0,0.0,0.019439697265625,0.04833984375,3.99609375,0.0,0.0,0.0,0.0,0.0,0.0,0.0
0.04534912109375,-0.028076171875,0.0,0.0,0.019439697265625,0.04833984375,3.99609375,0.0,0.0,0.0,0.0,0.0,0.0,0.0
0.04534912109375,-0.028076171875,0.0,0.0,0.019439697265625,0.04833984375,3.99609375,0.0,0.0,0.0,0.0,0.0,0.0,0.0
0.04534912109375,-0.028076171875,0.0,0.0,0.019439697265625,0.04833984375,3.99609375,0.0,0.0,0.0,0.0,0.0,0.0,0.0
0.04534912109375,-0.028076171875,0.0,0.0,0.019439697265625,0.04833984375,3.99609375,0.0,0.0,0.0,0.0,0.0,0.0,0.0
0.04534912109375,-0.028076171875,0.0,0.0,0.019439697265625,0.04833984375,3.99609375,0.0,0.0,0.0,0.0,0.0,0.0,0.0
0.04534912109375,-0.028076171875,0.0,1.0,0.019439697265625,0.04833984375,3.99609375,0.0,0.0,0.0,0.0,0.0,0.0,0.0
0.04534912109375,-0.028076171875,0.0,1.0,0.019439697265625,0.04833984375,3.99609375,0.0,0.0,0.0,0.0,0.0,0.0,0.0
0.04534912109375,-0.028076171875,0.0,1.0,0.019439697265625,0.04833984375,3.99609375,0.0,0.0,0.0,0.0,0.0,0.0,0.0
0.04534912109375,-0.028076171875,0.0,1.0,0.019439697265625,0.04833984375,3.99609375,0.0,0.0,0.0,0.0,0.0,0.0,0.0
0.04534912109375,0.047607421875,0.0,1.0,0.019439697265625,0.04833984375,3.99609375,0.0,0.0,0.0,0.0,0.0,0.0,0.0
-0.025177001953125,0.156707763671875,0.0,1.0,0.019439697265625,0.04833984375,3.99609375,0.0,0.0,0.0,0.0,0.0,0.0,0.0
-0.073272705078125,0.232635498046875,0.0,1.0,0.019439697265625,0.04833984375,3.99609375,0.0,0.0,0.0,0.0,0.0,0.0,0.0
-0.21142578125,0.346832275390625,0.0,1.0,0.019439697265625,0.04833984375,3.99609375,0.0,0.0,0.0,0.0,0.0,0.0,0.0
-0.2723388671875,0.3583984375,0.0,1.0,0.019439697265625,0.04833984375,3.99609375,0.0,0.0,0.0,0.0,0.0,0.0,0.0
-0.277313232421875,0.337249755859375,0.0,1.0,0.019439697265625,0.04833984375,3.99609375,0.0,0.0,0.0,0.0,0.0,0.0,0.0
-0.094970703125,0.147796630859375,0.0,1.0,0.019439697265625,0.04833984375,3.99609375,0.0,0.0,0.0,0.0,0.0,0.0,0.0
0.012664794921875,0.052001953125,0.0,1.0,0.019439697265625,0.04833984375,3.99609375,0.0,0.0,0.0,0.0,0.0,0.0,0.0
0.023712158203125,0.041595458984375,0.0,1.0,0.019439697265625,0.04833984375,3.99609375,0.0,0.0,0.0,0.0,0.0,0.0,0.0
0.022705078125,0.064788818359375,0.0,1.0,0.019439697265625,0.04833984375,3.99609375,0.0,0.0,0.0,0.0,0.0,0.0,0.0
-0.106201171875,0.210479736328125,0.0,1.0,0.019439697265625,0.04833984375,3.99609375,0.0,0.0,0.0,0.0,0.0,0.0,0.0
-0.1800537109375,0.301239013671875,0.0,1.0,0.019439697265625,0.04833984375,3.99609375,0.0,0.0,0.0,0.0,0.0,0.0,0.0
-0.19122314453125,0.3729248046875,0.0,1.0,0.019439697265625,0.04833984375,3.99609375,0.0,0.0,0.0,0.0,0.0,0.0,0.0
-0.01483154296875,0.03399658203125,0.0,1.0,0.019439697265625,0.04833984375,3.99609375,0.0,0.0,0.0,0.0,0.0,0.0,0.0
0.028350830078125,0.03399658203125,0.0,1.0,0.019439697265625,0.04833984375,3.99609375,0.0,0.0,0.0,0.0,0.0,0.0,0.0
0.025390625,0.091400146484375,0.0,1.0,0.019439697265625,0.04833984375,3.99609375,0.0,0.0,0.0,0.0,0.0,0.0,0.0
-0.079986572265625,0.313079833984375,0.0,1.0,0.019439697265625,0.04833984375,3.99609375,0.0,0.0,0.0,0.0,0.0,0.0,0.0
-0.161651611328125,0.399627685546875,0.0,1.0,0.019439697265625,0.04833984375,3.99609375,0.0,0.0,0.0,0.0,0.0,0.0,0.0
-0.189239501953125,0.440826416015625,0.0,1.0,0.019439697265625,0.04833984375,3.99609375,0.0,0.0,0.0,0.0,0.0,0.0,0.0
-0.193695068359375,0.419677734375,0.0,1.0,0.019439697265625,0.04833984375,3.99609375,0.0,0.0,0.0,0.0,0.0,0.0,0.0
-0.1468505859375,0.29766845703125,0.0,1.0,0.019439697265625,0.04833984375,3.99609375,0.0,0.0,0.0,0.0,0.0,0.0,0.0
0.003814697265625,0.022186279296875,0.0,1.0,0.019439697265625,0.04833984375,3.99609375,0.0,0.0,0.0,0.0,0.0,0.0,0.0
0.02520751953125,0.012420654296875,0.0,1.0,0.019439697265625,0.04833984375,3.99609375,0.0,0.0,0.0,0.0,0.0,0.0,0.0
0.028472900390625,0.009490966796875,0.0,1.0,0.019439697265625,0.04833984375,3.99609375,0.0,0.0,0.0,0.0,0.0,0.0,0.0
0.028472900390625,0.009490966796875,0.0,1.0,0.019439697265625,0.04833984375,3.99609375,0.0,0.0,0.0,0.0,0.0,0.0,0.0
0.028472900390625,0.029876708984375,0.0,1.0,0.019439697265625,0.04833984375,3.99609375,0.0,0.0,0.0,0.0,0.0,0.0,0.0
-0.088165283203125,0.147186279296875,0.0,1.0,0.019439697265625,0.04833984375,3.99609375,0.0,0.0,0.0,0.0,0.0,0.0,0.0
-0.25238037109375,0.35418701171875,0.0,1.0,0.019439697265625,0.04833984375,3.99609375,0.0,0.0,0.0,0.0,0.0,0.0,0.0
0.072113037109375,-0.01654052734375,0.0,1.0,0.019439697265625,0.04833984375,3.99609375,0.0,0.0,0.0,0.0,0.0,0.0,0.0
0.0579833984375,-0.014373779296875,0.0,1.0,0.019439697265625,0.04833984375,3.99609375,0.0,0.0,0.0,0.0,0.0,0.0,0.0
0.055877685546875,-0.014373779296875,0.0,1.0,0.019439697265625,0.04833984375,3.99609375,0.0,0.0,0.0,0.0,0.0,0.0,0.0
0.055877685546875,-0.012451171875,0.0,1.0,0.019439697265625,0.04833984375,3.99609375,0.0,0.0,0.0,0.0,0.0,0.0,0.0
0.055877685546875,-0.012451171875,0.0,1.0,0.019439697265625,0.04833984375,3.99609375,0.0,0.0,0.0,0.0,0.0,0.0,0.0
0.055877685546875,-0.012451171875,0.0,0.0,0.019439697265625,0.04833984375,2.046875,0.0,0.0,0.0,0.0,0.0,0.0,0.0
0.05389404296875,-0.015228271484375,0.0,0.0,0.019439697265625,0.04833984375,0.0,0.0,0.0,0.0,0.0,0.0,0.0,0.0
0.05389404296875,-0.0242919921875,0.0,0.0,0.019439697265625,0.04833984375,0.0,0.0,0.0,0.0,0.0,0.0,0.0,0.0
0.056793212890625,-0.03436279296875,0.0,0.0,0.019439697265625,0.04833984375,0.0,0.0,0.0,0.0,0.0,0.0,0.0,0.0
0.056793212890625,-0.03436279296875,0.0,0.0,0.019439697265625,0.04833984375,0.0,0.0,0.0,0.0,0.0,0.0,0.0,0.0
0.056793212890625,-0.03436279296875,0.0,0.0,0.019439697265625,0.045074462890625,0.0,0.0,0.0,0.0,0.0,0.0,0.0,0.0
0.056793212890625,-0.03436279296875,0.0,0.0,0.0172119140625,0.044219970703125,0.0,0.0,0.0,0.0,0.0,0.0,0.0,0.0
0.056793212890625,-0.03436279296875,0.0,0.0,0.0172119140625,0.04632568359375,0.0,0.0,0.0,0.0,0.0,0.0,0.0,0.0
0.056793212890625,-0.03436279296875,0.0,0.0,0.0172119140625,0.04632568359375,0.0,0.0,0.0,0.0,0.0,0.0,0.0,0.0
0.056793212890625,-0.03436279296875,0.0,0.0,0.0172119140625,0.04632568359375,0.0,0.0,0.0,0.0,0.0,0.0,0.0,0.0
0.056793212890625,-0.03436279296875,0.0,0.0,0.0172119140625,0.04840087890625,0.0,0.0,0.0,0.0,0.0,0.0,0.0,0.0
0.056793212890625,-0.03240966796875,0.0,0.0,0.0172119140625,0.04840087890625,0.0,0.0,0.0,0.0,0.0,0.0,0.0,0.0
0.056793212890625,-0.03240966796875,0.0,0.0,0.0172119140625,0.04840087890625,0.0,0.0,0.0,0.0,0.0,0.0,0.0,0.0
0.056793212890625,-0.03240966796875,0.0,0.0,0.0172119140625,0.04840087890625,0.0,0.0,0.0,0.0,0.0,0.0,0.0,0.0
0.056793212890625,-0.03240966796875,0.0,0.0,0.0172119140625,0.051177978515625,0.0,0.0,0.0,0.0,0.0,0.0,0.0,0.0
0.056793212890625,-0.03240966796875,0.0,0.0,0.0172119140625,0.05340576171875,0.0,0.0,0.0,0.0,0.0,0.0,0.0,0.0
0.056793212890625,-0.03240966796875,0.0,0.0,0.0172119140625,0.05340576171875,0.0,0.0,0.0,0.0,0.0,0.0,0.0,0.0
0.056793212890625,-0.03240966796875,0.0,0.0,0.0172119140625,0.05340576171875,0.0,0.0,0.0,0.0,0.0,0.0,0.0,0.0
0.056793212890625,-0.03240966796875,0.0,0.0,0.0172119140625,0.05340576171875,0.0,0.0,0.0,0.0,0.0,0.0,0.0,0.0
0.056793212890625,-0.03240966796875,0.0,0.0,0.0172119140625,0.05340576171875,0.0,0.0,0.0,0.0,0.0,0.0,0.0,0.0
0.056793212890625,-0.03240966796875,0.0,0.0,0.0172119140625,0.05340576171875,0.0,0.0,0.0,0.0,0.0,0.0,0.0,0.0
0.056793212890625,-0.03240966796875,0.0,0.0,0.0172119140625,0.05340576171875,0.0,0.0,0.0,0.0,0.0,0.0,0.0,0.0
0.056793212890625,-0.03240966796875,0.0,0.0,0.0172119140625,0.05340576171875,0.0,0.0,0.0,0.0,0.0,0.0,0.0,0.0
0.056793212890625,-0.03240966796875,0.0,0.0,0.0172119140625,0.05340576171875,0.0,0.0,0.0,0.0,0.0,0.0,0.0,0.0
0.056793212890625,-0.030517578125,0.0,0.0,0.0172119140625,0.05340576171875,0.0,0.0,0.0,0.0,0.0,0.0,0.0,0.0
0.056793212890625,-0.030517578125,0.0,0.0,0.0172119140625,0.055389404296875,0.0,0.0,0.0,0.0,0.0,0.0,0.0,0.0
0.056793212890625,-0.030517578125,0.0,0.0,0.0172119140625,0.055389404296875,0.0,0.0,0.0,0.0,0.0,0.0,0.0,0.0
0.056793212890625,-0.030517578125,0.0,0.0,0.0172119140625,0.055389404296875,0.0,0.0,0.0,0.0,0.0,0.0,0.0,0.0
0.056793212890625,-0.030517578125,0.0,0.0,0.0172119140625,0.055389404296875,0.0,0.0,0.0,0.0,0.0,0.0,0.0,0.0
0.056793212890625,-0.030517578125,0.0,0.0,0.0172119140625,0.055389404296875,0.0,0.0,0.0,0.0,0.0,0.0,0.0,0.0
0.056793212890625,-0.030517578125,0.0,0.0,0.0172119140625,0.055389404296875,0.0,0.0,0.0,0.0,0.0,0.0,0.0,0.0
0.056793212890625,-0.030517578125,0.0,0.0,0.0172119140625,0.055389404296875,0.0,0.0,0.0,0.0,0.0,0.0,0.0,0.0
0.056793212890625,-0.030517578125,0.0,0.0,0.0172119140625,0.055389404296875,0.0,0.0,0.0,0.0,0.0,0.0,0.0,0.0
0.056793212890625,-0.030517578125,0.0,0.0,0.0172119140625,0.055389404296875,0.0,0.0,0.0,0.0,0.0,0.0,0.0,0.0
0.056793212890625,-0.030517578125,0.0,0.0,0.0172119140625,0.057403564453125,0.0,0.0,0.0,0.0,0.0,0.0,0.0,0.0
0.056793212890625,-0.030517578125,0.0,0.0,0.0172119140625,0.057403564453125,0.0,0.0,0.0,0.0,0.0,0.0,0.0,0.0
0.056793212890625,-0.030517578125,0.0,0.0,0.0172119140625,0.05938720703125,0.0,0.0,0.0,0.0,0.0,0.0,0.0,0.0
0.056793212890625,-0.030517578125,0.0,0.0,0.0172119140625,0.05938720703125,0.0,0.0,0.0,0.0,0.0,0.0,0.0,0.0
0.056793212890625,-0.030517578125,0.0,0.0,0.0172119140625,0.05938720703125,0.0,0.0,0.0,0.0,0.0,0.0,0.0,0.0
0.056793212890625,-0.028594970703125,0.0,0.0,0.0172119140625,0.05938720703125,0.0,0.0,0.0,0.0,0.0,0.0,0.0,0.0
0.056793212890625,-0.028594970703125,0.0,0.0,0.0172119140625,0.05938720703125,0.0,0.0,0.0,0.0,0.0,0.0,0.0,0.0
0.056793212890625,-0.028594970703125,0.0,0.0,0.0172119140625,0.05938720703125,0.0,0.0,0.0,0.0,0.0,0.0,0.0,0.0
0.056793212890625,-0.028594970703125,0.0,0.0,0.0172119140625,0.06390380859375,0.0,0.0,0.0,0.0,0.0,0.0,0.0,0.0
0.056793212890625,-0.028594970703125,0.0,0.0,0.0172119140625,0.06390380859375,0.0,0.0,0.0,0.0,0.0,0.0,0.0,0.0
0.056793212890625,-0.028594970703125,0.0,0.0,0.0172119140625,0.06591796875,0.0,0.0,0.0,0.0,0.0,0.0,0.0,0.0
0.056793212890625,-0.028594970703125,0.0,0.0,0.0172119140625,0.067962646484375,0.0,0.0,0.0,0.0,0.0,0.0,0.0,0.0
0.056793212890625,-0.028594970703125,0.0,0.0,0.0172119140625,0.067962646484375,0.0,0.0,0.0,0.0,0.0,0.0,0.0,0.0
0.056793212890625,-0.028594970703125,0.0,0.0,0.0172119140625,0.07012939453125,0.0,0.0,0.0,0.0,0.0,0.0,0.0,0.0
0.056793212890625,-0.028594970703125,0.0,0.0,0.0172119140625,0.07012939453125,0.0,0.0,0.0,0.0,0.0,0.0,0.0,0.0
0.056793212890625,-0.028594970703125,0.0,0.0,0.0172119140625,0.07012939453125,0.0,0.0,0.0,0.0,0.0,0.0,0.0,0.0
0.056793212890625,-0.028594970703125,0.0,0.0,0.0172119140625,0.07012939453125,0.0,0.0,0.0,0.0,0.0,0.0,0.0,0.0
0.056793212890625,-0.028594970703125,0.0,0.0,0.0172119140625,0.07012939453125,0.0,0.0,0.0,0.0,0.0,0.0,0.0,0.0
0.056793212890625,-0.028594970703125,0.0,0.0,0.0172119140625,0.07012939453125,0.0,0.0,0.0,0.0,0.0,0.0,0.0,0.0
0.056793212890625,-0.028594970703125,0.0,0.0,0.0172119140625,0.07012939453125,0.0,0.0,0.0,0.0,0.0,0.0,0.0,0.0
0.056793212890625,-0.028594970703125,0.0,0.0,0.0172119140625,0.07012939453125,0.0,0.0,0.0,0.0,0.0,0.0,0.0,0.0
0.056793212890625,-0.028594970703125,0.0,0.0,0.0172119140625,0.07012939453125,0.0,0.0,0.0,0.0,0.0,0.0,0.0,0.0
0.056793212890625,-0.028594970703125,0.0,0.0,0.0172119140625,0.07012939453125,0.0,0.0,0.0,0.0,0.0,0.0,0.0,0.0
0.056793212890625,-0.028594970703125,0.0,0.0,0.0172119140625,0.07012939453125,0.0,0.0,0.0,0.0,0.0,0.0,0.0,0.0
0.056793212890625,-0.028594970703125,0.0,0.0,0.0172119140625,0.07012939453125,0.0,0.0,0.0,0.0,0.0,0.0,0.0,0.0
0.056793212890625,-0.028594970703125,0.0,0.0,0.0172119140625,0.07012939453125,0.0,0.0,0.0,0.0,0.0,0.0,0.0,0.0
0.056793212890625,-0.028594970703125,0.0,0.0,0.0172119140625,0.07012939453125,0.0,0.0,0.0,0.0,0.0,0.0,0.0,0.0
0.056793212890625,-0.028594970703125,0.0,0.0,0.0172119140625,0.07012939453125,0.0,0.0,0.0,0.0,0.0,0.0,0.0,0.0
0.056793212890625,-0.028594970703125,0.0,0.0,0.0172119140625,0.07012939453125,0.0,0.0,0.0,0.0,0.0,0.0,0.0,0.0
0.056793212890625,-0.028594970703125,0.0,0.0,0.0172119140625,0.07012939453125,0.0,0.0,0.0,0.0,0.0,0.0,0.0,0.0
0.056793212890625,-0.028594970703125,0.0,0.0,0.0172119140625,0.07012939453125,0.0,0.0,0.0,0.0,0.0,0.0,0.0,0.0
0.056793212890625,-0.028594970703125,0.0,0.0,0.0172119140625,0.07012939453125,0.0,0.0,0.0,0.0,0.0,0.0,0.0,0.0
0.056793212890625,-0.0262451171875,0.0,0.0,0.0172119140625,0.07012939453125,0.0,0.0,0.0,0.0,0.0,0.0,0.0,0.0
0.056793212890625,-0.0262451171875,0.0,0.0,0.0172119140625,0.07012939453125,0.0,0.0,0.0,0.0,0.0,0.0,0.0,0.0
0.056793212890625,-0.0262451171875,0.0,0.0,0.0172119140625,0.07012939453125,0.0,0.0,0.0,0.0,0.0,0.0,0.0,0.0
0.056793212890625,-0.0262451171875,0.0,0.0,0.0172119140625,0.07012939453125,0.0,0.0,0.0,0.0,0.0,0.0,0.0,0.0
